scenario,query_id,role,strategy,policy_version,authorized_count,authorized_selectivity,lid,lid_scale_instability,relative_contrast,radius_expansion,policy_churn,embedding_drift,risk_score,recall_at_k,evidence_sufficient,unauthorized_candidates,unauthorized_context,shortfall,latency_ms,effort_proxy,selected,serving_cost,recall_target_met,evidence_basis,evidence_query_id,authorized_solution_exists,authorized_evidence_bundle_ids,complete_evidence_bundle_ids,answered,evidence_supported_emission,false_permit,false_denial
aligned,0,role-0,hnsw-low,aligned-v1,755,0.3145833333333333,7.969517236928228,0.20493252058734943,10.99615039675643,1.1555062494420167,0.0,0.0,0.14958311452114983,1.0,,0,0,0,0.408917,128,True,,True,unavailable,,,(),(),,,,
aligned,0,role-0,hnsw-high,aligned-v1,755,0.3145833333333333,7.969517236928228,0.20493252058734943,10.99615039675643,1.1555062494420167,0.0,0.0,0.14958311452114983,1.0,,0,0,0,0.122667,512,False,,True,unavailable,,,(),(),,,,
aligned,0,role-0,exact-authorized,aligned-v1,755,0.3145833333333333,7.969517236928228,0.20493252058734943,10.99615039675643,1.1555062494420167,0.0,0.0,0.14958311452114983,1.0,,0,0,0,0.345166,755,False,,True,unavailable,,,(),(),,,,
aligned,0,role-0,unsafe-unfiltered,aligned-v1,755,0.3145833333333333,7.969517236928228,0.20493252058734943,10.99615039675643,1.1555062494420167,0.0,0.0,0.14958311452114983,1.0,,0,0,0,0.052333,10,False,,True,unavailable,,,(),(),,,,
aligned,1,role-0,hnsw-low,aligned-v1,755,0.3145833333333333,9.242360301184501,0.16381221174361,8.249964210396318,1.1463697567766296,0.0,0.0,0.1475985862342495,0.9,,0,0,0,0.043666,128,True,,True,unavailable,,,(),(),,,,
aligned,1,role-0,hnsw-high,aligned-v1,755,0.3145833333333333,9.242360301184501,0.16381221174361,8.249964210396318,1.1463697567766296,0.0,0.0,0.1475985862342495,1.0,,0,0,0,0.088958,512,False,,True,unavailable,,,(),(),,,,
aligned,1,role-0,exact-authorized,aligned-v1,755,0.3145833333333333,9.242360301184501,0.16381221174361,8.249964210396318,1.1463697567766296,0.0,0.0,0.1475985862342495,1.0,,0,0,0,0.058,755,False,,True,unavailable,,,(),(),,,,
aligned,1,role-0,unsafe-unfiltered,aligned-v1,755,0.3145833333333333,9.242360301184501,0.16381221174361,8.249964210396318,1.1463697567766296,0.0,0.0,0.1475985862342495,1.0,,0,0,0,0.040292,10,False,,True,unavailable,,,(),(),,,,
aligned,2,role-0,hnsw-low,aligned-v1,755,0.3145833333333333,8.026289993599159,0.27988445881414686,10.95555930600408,1.1327923441693708,0.0,0.0,0.1713288207002239,1.0,,0,0,0,0.045542,128,True,,True,unavailable,,,(),(),,,,
aligned,2,role-0,hnsw-high,aligned-v1,755,0.3145833333333333,8.026289993599159,0.27988445881414686,10.95555930600408,1.1327923441693708,0.0,0.0,0.1713288207002239,1.0,,0,0,0,0.086875,512,False,,True,unavailable,,,(),(),,,,
aligned,2,role-0,exact-authorized,aligned-v1,755,0.3145833333333333,8.026289993599159,0.27988445881414686,10.95555930600408,1.1327923441693708,0.0,0.0,0.1713288207002239,1.0,,0,0,0,0.049292,755,False,,True,unavailable,,,(),(),,,,
aligned,2,role-0,unsafe-unfiltered,aligned-v1,755,0.3145833333333333,8.026289993599159,0.27988445881414686,10.95555930600408,1.1327923441693708,0.0,0.0,0.1713288207002239,1.0,,0,0,0,0.038041,10,False,,True,unavailable,,,(),(),,,,
aligned,3,role-0,hnsw-low,aligned-v1,755,0.3145833333333333,9.019978779436228,0.22346571603095153,8.636136108925685,1.1491749441300458,0.0,0.0,0.1637826194670367,1.0,,0,0,0,0.038709,128,True,,True,unavailable,,,(),(),,,,
aligned,3,role-0,hnsw-high,aligned-v1,755,0.3145833333333333,9.019978779436228,0.22346571603095153,8.636136108925685,1.1491749441300458,0.0,0.0,0.1637826194670367,1.0,,0,0,0,0.084417,512,False,,True,unavailable,,,(),(),,,,
aligned,3,role-0,exact-authorized,aligned-v1,755,0.3145833333333333,9.019978779436228,0.22346571603095153,8.636136108925685,1.1491749441300458,0.0,0.0,0.1637826194670367,1.0,,0,0,0,0.041875,755,False,,True,unavailable,,,(),(),,,,
aligned,3,role-0,unsafe-unfiltered,aligned-v1,755,0.3145833333333333,9.019978779436228,0.22346571603095153,8.636136108925685,1.1491749441300458,0.0,0.0,0.1637826194670367,1.0,,0,0,0,0.073042,10,False,,True,unavailable,,,(),(),,,,
aligned,4,role-0,hnsw-low,aligned-v1,755,0.3145833333333333,7.242546574835533,0.20850532193752688,12.421847995165251,1.1680373164020974,0.0,0.0,0.14546735491417143,1.0,,0,0,0,0.050667,128,True,,True,unavailable,,,(),(),,,,
aligned,4,role-0,hnsw-high,aligned-v1,755,0.3145833333333333,7.242546574835533,0.20850532193752688,12.421847995165251,1.1680373164020974,0.0,0.0,0.14546735491417143,1.0,,0,0,0,0.097208,512,False,,True,unavailable,,,(),(),,,,
aligned,4,role-0,exact-authorized,aligned-v1,755,0.3145833333333333,7.242546574835533,0.20850532193752688,12.421847995165251,1.1680373164020974,0.0,0.0,0.14546735491417143,1.0,,0,0,0,0.056125,755,False,,True,unavailable,,,(),(),,,,
aligned,4,role-0,unsafe-unfiltered,aligned-v1,755,0.3145833333333333,7.242546574835533,0.20850532193752688,12.421847995165251,1.1680373164020974,0.0,0.0,0.14546735491417143,1.0,,0,0,0,0.03825,10,False,,True,unavailable,,,(),(),,,,
aligned,5,role-0,hnsw-low,aligned-v1,755,0.3145833333333333,7.189992130171379,0.12786015840668985,9.499351176463248,1.2056362935990808,0.0,0.0,0.12527570728619938,1.0,,0,0,0,0.039792,128,True,,True,unavailable,,,(),(),,,,
aligned,5,role-0,hnsw-high,aligned-v1,755,0.3145833333333333,7.189992130171379,0.12786015840668985,9.499351176463248,1.2056362935990808,0.0,0.0,0.12527570728619938,1.0,,0,0,0,0.086917,512,False,,True,unavailable,,,(),(),,,,
aligned,5,role-0,exact-authorized,aligned-v1,755,0.3145833333333333,7.189992130171379,0.12786015840668985,9.499351176463248,1.2056362935990808,0.0,0.0,0.12527570728619938,1.0,,0,0,0,0.044375,755,False,,True,unavailable,,,(),(),,,,
aligned,5,role-0,unsafe-unfiltered,aligned-v1,755,0.3145833333333333,7.189992130171379,0.12786015840668985,9.499351176463248,1.2056362935990808,0.0,0.0,0.12527570728619938,1.0,,0,0,0,0.03725,10,False,,True,unavailable,,,(),(),,,,
aligned,6,role-0,hnsw-low,aligned-v1,755,0.3145833333333333,8.483958292603154,0.22792191744777446,10.870770053591746,1.146895702867712,0.0,0.0,0.15938294002899447,1.0,,0,0,0,0.038042,128,True,,True,unavailable,,,(),(),,,,
aligned,6,role-0,hnsw-high,aligned-v1,755,0.3145833333333333,8.483958292603154,0.22792191744777446,10.870770053591746,1.146895702867712,0.0,0.0,0.15938294002899447,1.0,,0,0,0,0.085292,512,False,,True,unavailable,,,(),(),,,,
aligned,6,role-0,exact-authorized,aligned-v1,755,0.3145833333333333,8.483958292603154,0.22792191744777446,10.870770053591746,1.146895702867712,0.0,0.0,0.15938294002899447,1.0,,0,0,0,0.040958,755,False,,True,unavailable,,,(),(),,,,
aligned,6,role-0,unsafe-unfiltered,aligned-v1,755,0.3145833333333333,8.483958292603154,0.22792191744777446,10.870770053591746,1.146895702867712,0.0,0.0,0.15938294002899447,1.0,,0,0,0,0.036042,10,False,,True,unavailable,,,(),(),,,,
aligned,7,role-0,hnsw-low,aligned-v1,755,0.3145833333333333,7.788982635547204,0.1672658027112495,8.263731203172739,1.1747544902799536,0.0,0.0,0.14109111476976058,1.0,,0,0,0,0.037416,128,True,,True,unavailable,,,(),(),,,,
aligned,7,role-0,hnsw-high,aligned-v1,755,0.3145833333333333,7.788982635547204,0.1672658027112495,8.263731203172739,1.1747544902799536,0.0,0.0,0.14109111476976058,1.0,,0,0,0,0.084792,512,False,,True,unavailable,,,(),(),,,,
aligned,7,role-0,exact-authorized,aligned-v1,755,0.3145833333333333,7.788982635547204,0.1672658027112495,8.263731203172739,1.1747544902799536,0.0,0.0,0.14109111476976058,1.0,,0,0,0,0.034084,755,False,,True,unavailable,,,(),(),,,,
aligned,7,role-0,unsafe-unfiltered,aligned-v1,755,0.3145833333333333,7.788982635547204,0.1672658027112495,8.263731203172739,1.1747544902799536,0.0,0.0,0.14109111476976058,1.0,,0,0,0,0.0365,10,False,,True,unavailable,,,(),(),,,,
aligned,8,role-0,hnsw-low,aligned-v1,755,0.3145833333333333,8.19827985517424,0.22546373875235964,11.66046050827281,1.1486985321651813,0.0,0.0,0.15633425840409368,1.0,,0,0,0,0.036,128,True,,True,unavailable,,,(),(),,,,
aligned,8,role-0,hnsw-high,aligned-v1,755,0.3145833333333333,8.19827985517424,0.22546373875235964,11.66046050827281,1.1486985321651813,0.0,0.0,0.15633425840409368,1.0,,0,0,0,0.082958,512,False,,True,unavailable,,,(),(),,,,
aligned,8,role-0,exact-authorized,aligned-v1,755,0.3145833333333333,8.19827985517424,0.22546373875235964,11.66046050827281,1.1486985321651813,0.0,0.0,0.15633425840409368,1.0,,0,0,0,0.033458,755,False,,True,unavailable,,,(),(),,,,
aligned,8,role-0,unsafe-unfiltered,aligned-v1,755,0.3145833333333333,8.19827985517424,0.22546373875235964,11.66046050827281,1.1486985321651813,0.0,0.0,0.15633425840409368,1.0,,0,0,0,0.036041,10,False,,True,unavailable,,,(),(),,,,
aligned,9,role-0,hnsw-low,aligned-v1,755,0.3145833333333333,10.211179158388056,0.23185465456684345,9.941775873992933,1.1336924740919823,0.0,0.0,0.17079793516308733,1.0,,0,0,0,0.037834,128,True,,True,unavailable,,,(),(),,,,
aligned,9,role-0,hnsw-high,aligned-v1,755,0.3145833333333333,10.211179158388056,0.23185465456684345,9.941775873992933,1.1336924740919823,0.0,0.0,0.17079793516308733,1.0,,0,0,0,0.081958,512,False,,True,unavailable,,,(),(),,,,
aligned,9,role-0,exact-authorized,aligned-v1,755,0.3145833333333333,10.211179158388056,0.23185465456684345,9.941775873992933,1.1336924740919823,0.0,0.0,0.17079793516308733,1.0,,0,0,0,0.035917,755,False,,True,unavailable,,,(),(),,,,
aligned,9,role-0,unsafe-unfiltered,aligned-v1,755,0.3145833333333333,10.211179158388056,0.23185465456684345,9.941775873992933,1.1336924740919823,0.0,0.0,0.17079793516308733,1.0,,0,0,0,0.037333,10,False,,True,unavailable,,,(),(),,,,
aligned,10,role-0,hnsw-low,aligned-v1,755,0.3145833333333333,8.189767221578153,0.16130747160205106,9.107063314631802,1.1562493108228395,0.0,0.0,0.13981586951544023,1.0,,0,0,0,0.035,128,True,,True,unavailable,,,(),(),,,,
aligned,10,role-0,hnsw-high,aligned-v1,755,0.3145833333333333,8.189767221578153,0.16130747160205106,9.107063314631802,1.1562493108228395,0.0,0.0,0.13981586951544023,1.0,,0,0,0,0.084375,512,False,,True,unavailable,,,(),(),,,,
aligned,10,role-0,exact-authorized,aligned-v1,755,0.3145833333333333,8.189767221578153,0.16130747160205106,9.107063314631802,1.1562493108228395,0.0,0.0,0.13981586951544023,1.0,,0,0,0,0.038084,755,False,,True,unavailable,,,(),(),,,,
aligned,10,role-0,unsafe-unfiltered,aligned-v1,755,0.3145833333333333,8.189767221578153,0.16130747160205106,9.107063314631802,1.1562493108228395,0.0,0.0,0.13981586951544023,1.0,,0,0,0,0.036166,10,False,,True,unavailable,,,(),(),,,,
aligned,11,role-0,hnsw-low,aligned-v1,755,0.3145833333333333,7.714113259826415,0.21719909334647164,8.689856840963438,1.1604250873889954,0.0,0.0,0.1542751580405517,1.0,,0,0,0,0.036042,128,True,,True,unavailable,,,(),(),,,,
aligned,11,role-0,hnsw-high,aligned-v1,755,0.3145833333333333,7.714113259826415,0.21719909334647164,8.689856840963438,1.1604250873889954,0.0,0.0,0.1542751580405517,1.0,,0,0,0,0.083833,512,False,,True,unavailable,,,(),(),,,,
aligned,11,role-0,exact-authorized,aligned-v1,755,0.3145833333333333,7.714113259826415,0.21719909334647164,8.689856840963438,1.1604250873889954,0.0,0.0,0.1542751580405517,1.0,,0,0,0,0.036875,755,False,,True,unavailable,,,(),(),,,,
aligned,11,role-0,unsafe-unfiltered,aligned-v1,755,0.3145833333333333,7.714113259826415,0.21719909334647164,8.689856840963438,1.1604250873889954,0.0,0.0,0.1542751580405517,1.0,,0,0,0,0.033875,10,False,,True,unavailable,,,(),(),,,,
aligned,12,role-0,hnsw-low,aligned-v1,755,0.3145833333333333,7.527238587421919,0.19563350166167726,13.011822090371275,1.1668603099163541,0.0,0.0,0.14308011453719124,0.9,,0,0,0,0.036833,128,True,,True,unavailable,,,(),(),,,,
aligned,12,role-0,hnsw-high,aligned-v1,755,0.3145833333333333,7.527238587421919,0.19563350166167726,13.011822090371275,1.1668603099163541,0.0,0.0,0.14308011453719124,0.9,,0,0,0,0.08125,512,False,,True,unavailable,,,(),(),,,,
aligned,12,role-0,exact-authorized,aligned-v1,755,0.3145833333333333,7.527238587421919,0.19563350166167726,13.011822090371275,1.1668603099163541,0.0,0.0,0.14308011453719124,1.0,,0,0,0,0.034583,755,False,,True,unavailable,,,(),(),,,,
aligned,12,role-0,unsafe-unfiltered,aligned-v1,755,0.3145833333333333,7.527238587421919,0.19563350166167726,13.011822090371275,1.1668603099163541,0.0,0.0,0.14308011453719124,0.9,,0,0,0,0.030625,10,False,,True,unavailable,,,(),(),,,,
aligned,13,role-0,hnsw-low,aligned-v1,755,0.3145833333333333,8.67662244899222,0.20730948420112064,9.702707397919502,1.144189531781928,0.0,0.0,0.1553506725288054,1.0,,0,0,0,0.035667,128,True,,True,unavailable,,,(),(),,,,
aligned,13,role-0,hnsw-high,aligned-v1,755,0.3145833333333333,8.67662244899222,0.20730948420112064,9.702707397919502,1.144189531781928,0.0,0.0,0.1553506725288054,1.0,,0,0,0,0.083583,512,False,,True,unavailable,,,(),(),,,,
aligned,13,role-0,exact-authorized,aligned-v1,755,0.3145833333333333,8.67662244899222,0.20730948420112064,9.702707397919502,1.144189531781928,0.0,0.0,0.1553506725288054,1.0,,0,0,0,0.034958,755,False,,True,unavailable,,,(),(),,,,
aligned,13,role-0,unsafe-unfiltered,aligned-v1,755,0.3145833333333333,8.67662244899222,0.20730948420112064,9.702707397919502,1.144189531781928,0.0,0.0,0.1553506725288054,1.0,,0,0,0,0.034375,10,False,,True,unavailable,,,(),(),,,,
aligned,14,role-0,hnsw-low,aligned-v1,755,0.3145833333333333,8.248884549710056,0.18211556425676395,11.99616272611065,1.1618021322322236,0.0,0.0,0.14406263563991337,1.0,,0,0,0,0.035333,128,True,,True,unavailable,,,(),(),,,,
aligned,14,role-0,hnsw-high,aligned-v1,755,0.3145833333333333,8.248884549710056,0.18211556425676395,11.99616272611065,1.1618021322322236,0.0,0.0,0.14406263563991337,1.0,,0,0,0,0.082375,512,False,,True,unavailable,,,(),(),,,,
aligned,14,role-0,exact-authorized,aligned-v1,755,0.3145833333333333,8.248884549710056,0.18211556425676395,11.99616272611065,1.1618021322322236,0.0,0.0,0.14406263563991337,1.0,,0,0,0,0.034125,755,False,,True,unavailable,,,(),(),,,,
aligned,14,role-0,unsafe-unfiltered,aligned-v1,755,0.3145833333333333,8.248884549710056,0.18211556425676395,11.99616272611065,1.1618021322322236,0.0,0.0,0.14406263563991337,1.0,,0,0,0,0.034875,10,False,,True,unavailable,,,(),(),,,,
aligned,15,role-0,hnsw-low,aligned-v1,755,0.3145833333333333,7.149671165992214,0.23310410023927994,11.86858543673257,1.1600308395806,0.0,0.0,0.1521940828055024,1.0,,0,0,0,0.0375,128,True,,True,unavailable,,,(),(),,,,
aligned,15,role-0,hnsw-high,aligned-v1,755,0.3145833333333333,7.149671165992214,0.23310410023927994,11.86858543673257,1.1600308395806,0.0,0.0,0.1521940828055024,1.0,,0,0,0,0.088,512,False,,True,unavailable,,,(),(),,,,
aligned,15,role-0,exact-authorized,aligned-v1,755,0.3145833333333333,7.149671165992214,0.23310410023927994,11.86858543673257,1.1600308395806,0.0,0.0,0.1521940828055024,1.0,,0,0,0,0.037666,755,False,,True,unavailable,,,(),(),,,,
aligned,15,role-0,unsafe-unfiltered,aligned-v1,755,0.3145833333333333,7.149671165992214,0.23310410023927994,11.86858543673257,1.1600308395806,0.0,0.0,0.1521940828055024,1.0,,0,0,0,0.039917,10,False,,True,unavailable,,,(),(),,,,
aligned,16,role-0,hnsw-low,aligned-v1,755,0.3145833333333333,7.534514720845004,0.19015231559441154,9.745836119625924,1.180913429580255,0.0,0.0,0.14476188707269355,1.0,,0,0,0,0.037625,128,True,,True,unavailable,,,(),(),,,,
aligned,16,role-0,hnsw-high,aligned-v1,755,0.3145833333333333,7.534514720845004,0.19015231559441154,9.745836119625924,1.180913429580255,0.0,0.0,0.14476188707269355,1.0,,0,0,0,0.089458,512,False,,True,unavailable,,,(),(),,,,
aligned,16,role-0,exact-authorized,aligned-v1,755,0.3145833333333333,7.534514720845004,0.19015231559441154,9.745836119625924,1.180913429580255,0.0,0.0,0.14476188707269355,1.0,,0,0,0,0.034,755,False,,True,unavailable,,,(),(),,,,
aligned,16,role-0,unsafe-unfiltered,aligned-v1,755,0.3145833333333333,7.534514720845004,0.19015231559441154,9.745836119625924,1.180913429580255,0.0,0.0,0.14476188707269355,1.0,,0,0,0,0.031,10,False,,True,unavailable,,,(),(),,,,
aligned,17,role-0,hnsw-low,aligned-v1,755,0.3145833333333333,8.060404911773983,0.24473652955615727,15.694217106802133,1.1376962356194984,0.0,0.0,0.1584905219093047,1.0,,0,0,0,0.038125,128,True,,True,unavailable,,,(),(),,,,
aligned,17,role-0,hnsw-high,aligned-v1,755,0.3145833333333333,8.060404911773983,0.24473652955615727,15.694217106802133,1.1376962356194984,0.0,0.0,0.1584905219093047,1.0,,0,0,0,0.0875,512,False,,True,unavailable,,,(),(),,,,
aligned,17,role-0,exact-authorized,aligned-v1,755,0.3145833333333333,8.060404911773983,0.24473652955615727,15.694217106802133,1.1376962356194984,0.0,0.0,0.1584905219093047,1.0,,0,0,0,0.038416,755,False,,True,unavailable,,,(),(),,,,
aligned,17,role-0,unsafe-unfiltered,aligned-v1,755,0.3145833333333333,8.060404911773983,0.24473652955615727,15.694217106802133,1.1376962356194984,0.0,0.0,0.1584905219093047,1.0,,0,0,0,0.038125,10,False,,True,unavailable,,,(),(),,,,
aligned,18,role-0,hnsw-low,aligned-v1,755,0.3145833333333333,8.970561118840603,0.221641285087848,12.167668676128727,1.1427329037433744,0.0,0.0,0.15925853791457859,0.9,,0,0,0,0.039584,128,True,,True,unavailable,,,(),(),,,,
aligned,18,role-0,hnsw-high,aligned-v1,755,0.3145833333333333,8.970561118840603,0.221641285087848,12.167668676128727,1.1427329037433744,0.0,0.0,0.15925853791457859,1.0,,0,0,0,0.0875,512,False,,True,unavailable,,,(),(),,,,
aligned,18,role-0,exact-authorized,aligned-v1,755,0.3145833333333333,8.970561118840603,0.221641285087848,12.167668676128727,1.1427329037433744,0.0,0.0,0.15925853791457859,1.0,,0,0,0,0.04075,755,False,,True,unavailable,,,(),(),,,,
aligned,18,role-0,unsafe-unfiltered,aligned-v1,755,0.3145833333333333,8.970561118840603,0.221641285087848,12.167668676128727,1.1427329037433744,0.0,0.0,0.15925853791457859,0.8,,0,0,0,0.038084,10,False,,False,unavailable,,,(),(),,,,
aligned,19,role-0,hnsw-low,aligned-v1,755,0.3145833333333333,8.531529975777035,0.22189684419092764,11.476798857659569,1.1528073387398037,0.0,0.0,0.15767793059151686,1.0,,0,0,0,0.037541,128,True,,True,unavailable,,,(),(),,,,
aligned,19,role-0,hnsw-high,aligned-v1,755,0.3145833333333333,8.531529975777035,0.22189684419092764,11.476798857659569,1.1528073387398037,0.0,0.0,0.15767793059151686,1.0,,0,0,0,0.088541,512,False,,True,unavailable,,,(),(),,,,
aligned,19,role-0,exact-authorized,aligned-v1,755,0.3145833333333333,8.531529975777035,0.22189684419092764,11.476798857659569,1.1528073387398037,0.0,0.0,0.15767793059151686,1.0,,0,0,0,0.037959,755,False,,True,unavailable,,,(),(),,,,
aligned,19,role-0,unsafe-unfiltered,aligned-v1,755,0.3145833333333333,8.531529975777035,0.22189684419092764,11.476798857659569,1.1528073387398037,0.0,0.0,0.15767793059151686,1.0,,0,0,0,0.035916,10,False,,True,unavailable,,,(),(),,,,
aligned,20,role-1,hnsw-low,aligned-v1,748,0.31166666666666665,8.442520356324726,0.2269813012159114,8.781329463418077,1.1366782875277965,0.0,0.0,0.16052296074386208,0.8,,0,0,0,0.04375,128,True,,False,unavailable,,,(),(),,,,
aligned,20,role-1,hnsw-high,aligned-v1,748,0.31166666666666665,8.442520356324726,0.2269813012159114,8.781329463418077,1.1366782875277965,0.0,0.0,0.16052296074386208,0.9,,0,0,0,0.08775,512,False,,True,unavailable,,,(),(),,,,
aligned,20,role-1,exact-authorized,aligned-v1,748,0.31166666666666665,8.442520356324726,0.2269813012159114,8.781329463418077,1.1366782875277965,0.0,0.0,0.16052296074386208,1.0,,0,0,0,0.0395,748,False,,True,unavailable,,,(),(),,,,
aligned,20,role-1,unsafe-unfiltered,aligned-v1,748,0.31166666666666665,8.442520356324726,0.2269813012159114,8.781329463418077,1.1366782875277965,0.0,0.0,0.16052296074386208,0.8,,0,0,0,0.042208,10,False,,False,unavailable,,,(),(),,,,
aligned,21,role-1,hnsw-low,aligned-v1,748,0.31166666666666665,8.859179813464175,0.15223611110941618,6.688558153174906,1.1486207339771348,0.0,0.0,0.14479767832820878,1.0,,0,0,0,0.0385,128,True,,True,unavailable,,,(),(),,,,
aligned,21,role-1,hnsw-high,aligned-v1,748,0.31166666666666665,8.859179813464175,0.15223611110941618,6.688558153174906,1.1486207339771348,0.0,0.0,0.14479767832820878,1.0,,0,0,0,0.087916,512,False,,True,unavailable,,,(),(),,,,
aligned,21,role-1,exact-authorized,aligned-v1,748,0.31166666666666665,8.859179813464175,0.15223611110941618,6.688558153174906,1.1486207339771348,0.0,0.0,0.14479767832820878,1.0,,0,0,0,0.04225,748,False,,True,unavailable,,,(),(),,,,
aligned,21,role-1,unsafe-unfiltered,aligned-v1,748,0.31166666666666665,8.859179813464175,0.15223611110941618,6.688558153174906,1.1486207339771348,0.0,0.0,0.14479767832820878,1.0,,0,0,0,0.03925,10,False,,True,unavailable,,,(),(),,,,
aligned,22,role-1,hnsw-low,aligned-v1,748,0.31166666666666665,8.752905964142919,0.1879853025488247,7.911654006795705,1.1617044528581257,0.0,0.0,0.1532249288175299,1.0,,0,0,0,0.037,128,True,,True,unavailable,,,(),(),,,,
aligned,22,role-1,hnsw-high,aligned-v1,748,0.31166666666666665,8.752905964142919,0.1879853025488247,7.911654006795705,1.1617044528581257,0.0,0.0,0.1532249288175299,1.0,,0,0,0,0.086709,512,False,,True,unavailable,,,(),(),,,,
aligned,22,role-1,exact-authorized,aligned-v1,748,0.31166666666666665,8.752905964142919,0.1879853025488247,7.911654006795705,1.1617044528581257,0.0,0.0,0.1532249288175299,1.0,,0,0,0,0.038,748,False,,True,unavailable,,,(),(),,,,
aligned,22,role-1,unsafe-unfiltered,aligned-v1,748,0.31166666666666665,8.752905964142919,0.1879853025488247,7.911654006795705,1.1617044528581257,0.0,0.0,0.1532249288175299,1.0,,0,0,0,0.036084,10,False,,True,unavailable,,,(),(),,,,
aligned,23,role-1,hnsw-low,aligned-v1,748,0.31166666666666665,8.470032313506529,0.21188746262376457,8.263438938070195,1.1522295562239722,0.0,0.0,0.15765595187289472,1.0,,0,0,0,0.037958,128,True,,True,unavailable,,,(),(),,,,
aligned,23,role-1,hnsw-high,aligned-v1,748,0.31166666666666665,8.470032313506529,0.21188746262376457,8.263438938070195,1.1522295562239722,0.0,0.0,0.15765595187289472,1.0,,0,0,0,0.088125,512,False,,True,unavailable,,,(),(),,,,
aligned,23,role-1,exact-authorized,aligned-v1,748,0.31166666666666665,8.470032313506529,0.21188746262376457,8.263438938070195,1.1522295562239722,0.0,0.0,0.15765595187289472,1.0,,0,0,0,0.037125,748,False,,True,unavailable,,,(),(),,,,
aligned,23,role-1,unsafe-unfiltered,aligned-v1,748,0.31166666666666665,8.470032313506529,0.21188746262376457,8.263438938070195,1.1522295562239722,0.0,0.0,0.15765595187289472,1.0,,0,0,0,0.038792,10,False,,True,unavailable,,,(),(),,,,
aligned,24,role-1,hnsw-low,aligned-v1,748,0.31166666666666665,8.404839102921152,0.20513902463272252,7.839079544672537,1.1509952600045217,0.0,0.0,0.15582172538722805,1.0,,0,0,0,0.038916,128,True,,True,unavailable,,,(),(),,,,
aligned,24,role-1,hnsw-high,aligned-v1,748,0.31166666666666665,8.404839102921152,0.20513902463272252,7.839079544672537,1.1509952600045217,0.0,0.0,0.15582172538722805,1.0,,0,0,0,0.087791,512,False,,True,unavailable,,,(),(),,,,
aligned,24,role-1,exact-authorized,aligned-v1,748,0.31166666666666665,8.404839102921152,0.20513902463272252,7.839079544672537,1.1509952600045217,0.0,0.0,0.15582172538722805,1.0,,0,0,0,0.040291,748,False,,True,unavailable,,,(),(),,,,
aligned,24,role-1,unsafe-unfiltered,aligned-v1,748,0.31166666666666665,8.404839102921152,0.20513902463272252,7.839079544672537,1.1509952600045217,0.0,0.0,0.15582172538722805,1.0,,0,0,0,0.037792,10,False,,True,unavailable,,,(),(),,,,
aligned,25,role-1,hnsw-low,aligned-v1,748,0.31166666666666665,8.949558029354083,0.17447259731654782,6.081652698657725,1.160214070854133,0.0,0.0,0.15408117311115876,1.0,,0,0,0,0.038916,128,True,,True,unavailable,,,(),(),,,,
aligned,25,role-1,hnsw-high,aligned-v1,748,0.31166666666666665,8.949558029354083,0.17447259731654782,6.081652698657725,1.160214070854133,0.0,0.0,0.15408117311115876,1.0,,0,0,0,0.089709,512,False,,True,unavailable,,,(),(),,,,
aligned,25,role-1,exact-authorized,aligned-v1,748,0.31166666666666665,8.949558029354083,0.17447259731654782,6.081652698657725,1.160214070854133,0.0,0.0,0.15408117311115876,1.0,,0,0,0,0.039167,748,False,,True,unavailable,,,(),(),,,,
aligned,25,role-1,unsafe-unfiltered,aligned-v1,748,0.31166666666666665,8.949558029354083,0.17447259731654782,6.081652698657725,1.160214070854133,0.0,0.0,0.15408117311115876,1.0,,0,0,0,0.038375,10,False,,True,unavailable,,,(),(),,,,
aligned,26,role-1,hnsw-low,aligned-v1,748,0.31166666666666665,8.110190625324698,0.14912869752334115,8.529850153724071,1.175967065113172,0.0,0.0,0.137389060916207,1.0,,0,0,0,0.037167,128,True,,True,unavailable,,,(),(),,,,
aligned,26,role-1,hnsw-high,aligned-v1,748,0.31166666666666665,8.110190625324698,0.14912869752334115,8.529850153724071,1.175967065113172,0.0,0.0,0.137389060916207,1.0,,0,0,0,0.089291,512,False,,True,unavailable,,,(),(),,,,
aligned,26,role-1,exact-authorized,aligned-v1,748,0.31166666666666665,8.110190625324698,0.14912869752334115,8.529850153724071,1.175967065113172,0.0,0.0,0.137389060916207,1.0,,0,0,0,0.039916,748,False,,True,unavailable,,,(),(),,,,
aligned,26,role-1,unsafe-unfiltered,aligned-v1,748,0.31166666666666665,8.110190625324698,0.14912869752334115,8.529850153724071,1.175967065113172,0.0,0.0,0.137389060916207,1.0,,0,0,0,0.035792,10,False,,True,unavailable,,,(),(),,,,
aligned,27,role-1,hnsw-low,aligned-v1,748,0.31166666666666665,8.933844127589593,0.19208480704351705,6.229208776876096,1.147967888256679,0.0,0.0,0.15826923058363632,1.0,,0,0,0,0.036916,128,True,,True,unavailable,,,(),(),,,,
aligned,27,role-1,hnsw-high,aligned-v1,748,0.31166666666666665,8.933844127589593,0.19208480704351705,6.229208776876096,1.147967888256679,0.0,0.0,0.15826923058363632,1.0,,0,0,0,0.087833,512,False,,True,unavailable,,,(),(),,,,
aligned,27,role-1,exact-authorized,aligned-v1,748,0.31166666666666665,8.933844127589593,0.19208480704351705,6.229208776876096,1.147967888256679,0.0,0.0,0.15826923058363632,1.0,,0,0,0,0.041208,748,False,,True,unavailable,,,(),(),,,,
aligned,27,role-1,unsafe-unfiltered,aligned-v1,748,0.31166666666666665,8.933844127589593,0.19208480704351705,6.229208776876096,1.147967888256679,0.0,0.0,0.15826923058363632,1.0,,0,0,0,0.034416,10,False,,True,unavailable,,,(),(),,,,
aligned,28,role-1,hnsw-low,aligned-v1,748,0.31166666666666665,8.384310999831643,0.16410480796291582,7.0847103142886745,1.1621091743313685,0.0,0.0,0.14529815374910596,1.0,,0,0,0,0.038708,128,True,,True,unavailable,,,(),(),,,,
aligned,28,role-1,hnsw-high,aligned-v1,748,0.31166666666666665,8.384310999831643,0.16410480796291582,7.0847103142886745,1.1621091743313685,0.0,0.0,0.14529815374910596,1.0,,0,0,0,0.087666,512,False,,True,unavailable,,,(),(),,,,
aligned,28,role-1,exact-authorized,aligned-v1,748,0.31166666666666665,8.384310999831643,0.16410480796291582,7.0847103142886745,1.1621091743313685,0.0,0.0,0.14529815374910596,1.0,,0,0,0,0.039917,748,False,,True,unavailable,,,(),(),,,,
aligned,28,role-1,unsafe-unfiltered,aligned-v1,748,0.31166666666666665,8.384310999831643,0.16410480796291582,7.0847103142886745,1.1621091743313685,0.0,0.0,0.14529815374910596,1.0,,0,0,0,0.038625,10,False,,True,unavailable,,,(),(),,,,
aligned,29,role-1,hnsw-low,aligned-v1,748,0.31166666666666665,9.241251891893718,0.11295170409644578,6.078484051422993,1.168278968507507,0.0,0.0,0.1377596188531158,1.0,,0,0,0,0.037333,128,True,,True,unavailable,,,(),(),,,,
aligned,29,role-1,hnsw-high,aligned-v1,748,0.31166666666666665,9.241251891893718,0.11295170409644578,6.078484051422993,1.168278968507507,0.0,0.0,0.1377596188531158,1.0,,0,0,0,0.088834,512,False,,True,unavailable,,,(),(),,,,
aligned,29,role-1,exact-authorized,aligned-v1,748,0.31166666666666665,9.241251891893718,0.11295170409644578,6.078484051422993,1.168278968507507,0.0,0.0,0.1377596188531158,1.0,,0,0,0,0.038375,748,False,,True,unavailable,,,(),(),,,,
aligned,29,role-1,unsafe-unfiltered,aligned-v1,748,0.31166666666666665,9.241251891893718,0.11295170409644578,6.078484051422993,1.168278968507507,0.0,0.0,0.1377596188531158,1.0,,0,0,0,0.036167,10,False,,True,unavailable,,,(),(),,,,
aligned,30,role-1,hnsw-low,aligned-v1,748,0.31166666666666665,8.457896268946314,0.22591936018454695,8.613426327750286,1.1417988669442425,0.0,0.0,0.16077737359658134,1.0,,0,0,0,0.037667,128,True,,True,unavailable,,,(),(),,,,
aligned,30,role-1,hnsw-high,aligned-v1,748,0.31166666666666665,8.457896268946314,0.22591936018454695,8.613426327750286,1.1417988669442425,0.0,0.0,0.16077737359658134,1.0,,0,0,0,0.089041,512,False,,True,unavailable,,,(),(),,,,
aligned,30,role-1,exact-authorized,aligned-v1,748,0.31166666666666665,8.457896268946314,0.22591936018454695,8.613426327750286,1.1417988669442425,0.0,0.0,0.16077737359658134,1.0,,0,0,0,0.036417,748,False,,True,unavailable,,,(),(),,,,
aligned,30,role-1,unsafe-unfiltered,aligned-v1,748,0.31166666666666665,8.457896268946314,0.22591936018454695,8.613426327750286,1.1417988669442425,0.0,0.0,0.16077737359658134,1.0,,0,0,0,0.036542,10,False,,True,unavailable,,,(),(),,,,
aligned,31,role-1,hnsw-low,aligned-v1,748,0.31166666666666665,8.462864687565947,0.16851808798792567,7.364977139133801,1.1883496252456973,0.0,0.0,0.14788319224788987,1.0,,0,0,0,0.036833,128,True,,True,unavailable,,,(),(),,,,
aligned,31,role-1,hnsw-high,aligned-v1,748,0.31166666666666665,8.462864687565947,0.16851808798792567,7.364977139133801,1.1883496252456973,0.0,0.0,0.14788319224788987,1.0,,0,0,0,0.088042,512,False,,True,unavailable,,,(),(),,,,
aligned,31,role-1,exact-authorized,aligned-v1,748,0.31166666666666665,8.462864687565947,0.16851808798792567,7.364977139133801,1.1883496252456973,0.0,0.0,0.14788319224788987,1.0,,0,0,0,0.040167,748,False,,True,unavailable,,,(),(),,,,
aligned,31,role-1,unsafe-unfiltered,aligned-v1,748,0.31166666666666665,8.462864687565947,0.16851808798792567,7.364977139133801,1.1883496252456973,0.0,0.0,0.14788319224788987,1.0,,0,0,0,0.036291,10,False,,True,unavailable,,,(),(),,,,
aligned,32,role-1,hnsw-low,aligned-v1,748,0.31166666666666665,8.029717281680865,0.18274104794388718,6.452890164340628,1.1621494688741725,0.0,0.0,0.15004461378913692,0.9,,0,0,0,0.037667,128,True,,True,unavailable,,,(),(),,,,
aligned,32,role-1,hnsw-high,aligned-v1,748,0.31166666666666665,8.029717281680865,0.18274104794388718,6.452890164340628,1.1621494688741725,0.0,0.0,0.15004461378913692,1.0,,0,0,0,0.087084,512,False,,True,unavailable,,,(),(),,,,
aligned,32,role-1,exact-authorized,aligned-v1,748,0.31166666666666665,8.029717281680865,0.18274104794388718,6.452890164340628,1.1621494688741725,0.0,0.0,0.15004461378913692,1.0,,0,0,0,0.035667,748,False,,True,unavailable,,,(),(),,,,
aligned,32,role-1,unsafe-unfiltered,aligned-v1,748,0.31166666666666665,8.029717281680865,0.18274104794388718,6.452890164340628,1.1621494688741725,0.0,0.0,0.15004461378913692,0.9,,0,0,0,0.037709,10,False,,True,unavailable,,,(),(),,,,
aligned,33,role-1,hnsw-low,aligned-v1,748,0.31166666666666665,9.730040618269745,0.22021169355381942,5.589903629294361,1.1176982434358975,0.0,0.0,0.17165775680876602,0.9,,0,0,0,0.038334,128,True,,True,unavailable,,,(),(),,,,
aligned,33,role-1,hnsw-high,aligned-v1,748,0.31166666666666665,9.730040618269745,0.22021169355381942,5.589903629294361,1.1176982434358975,0.0,0.0,0.17165775680876602,1.0,,0,0,0,0.090125,512,False,,True,unavailable,,,(),(),,,,
aligned,33,role-1,exact-authorized,aligned-v1,748,0.31166666666666665,9.730040618269745,0.22021169355381942,5.589903629294361,1.1176982434358975,0.0,0.0,0.17165775680876602,1.0,,0,0,0,0.040041,748,False,,True,unavailable,,,(),(),,,,
aligned,33,role-1,unsafe-unfiltered,aligned-v1,748,0.31166666666666665,9.730040618269745,0.22021169355381942,5.589903629294361,1.1176982434358975,0.0,0.0,0.17165775680876602,0.9,,0,0,0,0.036583,10,False,,True,unavailable,,,(),(),,,,
aligned,34,role-1,hnsw-low,aligned-v1,748,0.31166666666666665,12.138309400733094,0.05512294953992478,1.3104617788927329,1.1470407120207018,0.0,0.0,0.19462033168784917,0.8,,0,0,0,0.038125,128,True,,False,unavailable,,,(),(),,,,
aligned,34,role-1,hnsw-high,aligned-v1,748,0.31166666666666665,12.138309400733094,0.05512294953992478,1.3104617788927329,1.1470407120207018,0.0,0.0,0.19462033168784917,0.9,,0,0,0,0.088875,512,False,,True,unavailable,,,(),(),,,,
aligned,34,role-1,exact-authorized,aligned-v1,748,0.31166666666666665,12.138309400733094,0.05512294953992478,1.3104617788927329,1.1470407120207018,0.0,0.0,0.19462033168784917,1.0,,0,0,0,0.039916,748,False,,True,unavailable,,,(),(),,,,
aligned,34,role-1,unsafe-unfiltered,aligned-v1,748,0.31166666666666665,12.138309400733094,0.05512294953992478,1.3104617788927329,1.1470407120207018,0.0,0.0,0.19462033168784917,0.8,,0,0,0,0.037417,10,False,,False,unavailable,,,(),(),,,,
aligned,35,role-1,hnsw-low,aligned-v1,748,0.31166666666666665,9.50233724492933,0.17654100636319778,8.504220098030874,1.1361142168051528,0.0,0.0,0.15204878265969474,0.9,,0,0,0,0.03875,128,True,,True,unavailable,,,(),(),,,,
aligned,35,role-1,hnsw-high,aligned-v1,748,0.31166666666666665,9.50233724492933,0.17654100636319778,8.504220098030874,1.1361142168051528,0.0,0.0,0.15204878265969474,1.0,,0,0,0,0.090209,512,False,,True,unavailable,,,(),(),,,,
aligned,35,role-1,exact-authorized,aligned-v1,748,0.31166666666666665,9.50233724492933,0.17654100636319778,8.504220098030874,1.1361142168051528,0.0,0.0,0.15204878265969474,1.0,,0,0,0,0.040625,748,False,,True,unavailable,,,(),(),,,,
aligned,35,role-1,unsafe-unfiltered,aligned-v1,748,0.31166666666666665,9.50233724492933,0.17654100636319778,8.504220098030874,1.1361142168051528,0.0,0.0,0.15204878265969474,0.9,,0,0,0,0.037542,10,False,,True,unavailable,,,(),(),,,,
aligned,36,role-1,hnsw-low,aligned-v1,748,0.31166666666666665,8.232012371681526,0.1845852311464934,8.021921443678613,1.1573030291028974,0.0,0.0,0.148602644287652,1.0,,0,0,0,0.038417,128,True,,True,unavailable,,,(),(),,,,
aligned,36,role-1,hnsw-high,aligned-v1,748,0.31166666666666665,8.232012371681526,0.1845852311464934,8.021921443678613,1.1573030291028974,0.0,0.0,0.148602644287652,1.0,,0,0,0,0.087333,512,False,,True,unavailable,,,(),(),,,,
aligned,36,role-1,exact-authorized,aligned-v1,748,0.31166666666666665,8.232012371681526,0.1845852311464934,8.021921443678613,1.1573030291028974,0.0,0.0,0.148602644287652,1.0,,0,0,0,0.038333,748,False,,True,unavailable,,,(),(),,,,
aligned,36,role-1,unsafe-unfiltered,aligned-v1,748,0.31166666666666665,8.232012371681526,0.1845852311464934,8.021921443678613,1.1573030291028974,0.0,0.0,0.148602644287652,1.0,,0,0,0,0.03725,10,False,,True,unavailable,,,(),(),,,,
aligned,37,role-1,hnsw-low,aligned-v1,748,0.31166666666666665,8.24984724573373,0.1674705467787113,10.059271346102726,1.1699039195215584,0.0,0.0,0.14168533042321857,1.0,,0,0,0,0.038125,128,True,,True,unavailable,,,(),(),,,,
aligned,37,role-1,hnsw-high,aligned-v1,748,0.31166666666666665,8.24984724573373,0.1674705467787113,10.059271346102726,1.1699039195215584,0.0,0.0,0.14168533042321857,1.0,,0,0,0,0.087625,512,False,,True,unavailable,,,(),(),,,,
aligned,37,role-1,exact-authorized,aligned-v1,748,0.31166666666666665,8.24984724573373,0.1674705467787113,10.059271346102726,1.1699039195215584,0.0,0.0,0.14168533042321857,1.0,,0,0,0,0.039542,748,False,,True,unavailable,,,(),(),,,,
aligned,37,role-1,unsafe-unfiltered,aligned-v1,748,0.31166666666666665,8.24984724573373,0.1674705467787113,10.059271346102726,1.1699039195215584,0.0,0.0,0.14168533042321857,1.0,,0,0,0,0.036291,10,False,,True,unavailable,,,(),(),,,,
aligned,38,role-1,hnsw-low,aligned-v1,748,0.31166666666666665,8.730744732795177,0.1399067120595838,6.803343625662448,1.158549139431733,0.0,0.0,0.14056852594349944,1.0,,0,0,0,0.036459,128,True,,True,unavailable,,,(),(),,,,
aligned,38,role-1,hnsw-high,aligned-v1,748,0.31166666666666665,8.730744732795177,0.1399067120595838,6.803343625662448,1.158549139431733,0.0,0.0,0.14056852594349944,1.0,,0,0,0,0.088583,512,False,,True,unavailable,,,(),(),,,,
aligned,38,role-1,exact-authorized,aligned-v1,748,0.31166666666666665,8.730744732795177,0.1399067120595838,6.803343625662448,1.158549139431733,0.0,0.0,0.14056852594349944,1.0,,0,0,0,0.039875,748,False,,True,unavailable,,,(),(),,,,
aligned,38,role-1,unsafe-unfiltered,aligned-v1,748,0.31166666666666665,8.730744732795177,0.1399067120595838,6.803343625662448,1.158549139431733,0.0,0.0,0.14056852594349944,1.0,,0,0,0,0.030333,10,False,,True,unavailable,,,(),(),,,,
aligned,39,role-1,hnsw-low,aligned-v1,748,0.31166666666666665,10.170665415868145,0.1710152623547209,7.286395059802365,1.1616178707727687,0.0,0.0,0.1573857912702118,1.0,,0,0,0,0.036917,128,True,,True,unavailable,,,(),(),,,,
aligned,39,role-1,hnsw-high,aligned-v1,748,0.31166666666666665,10.170665415868145,0.1710152623547209,7.286395059802365,1.1616178707727687,0.0,0.0,0.1573857912702118,1.0,,0,0,0,0.086458,512,False,,True,unavailable,,,(),(),,,,
aligned,39,role-1,exact-authorized,aligned-v1,748,0.31166666666666665,10.170665415868145,0.1710152623547209,7.286395059802365,1.1616178707727687,0.0,0.0,0.1573857912702118,1.0,,0,0,0,0.039875,748,False,,True,unavailable,,,(),(),,,,
aligned,39,role-1,unsafe-unfiltered,aligned-v1,748,0.31166666666666665,10.170665415868145,0.1710152623547209,7.286395059802365,1.1616178707727687,0.0,0.0,0.1573857912702118,0.9,,0,0,0,0.036292,10,False,,True,unavailable,,,(),(),,,,
aligned,40,role-2,hnsw-low,aligned-v1,757,0.3154166666666667,8.038503056265906,0.2475370091839643,13.298782300579175,1.1431842175680476,0.0,0.0,0.16061358851552204,0.9,,0,0,0,0.044666,128,True,,True,unavailable,,,(),(),,,,
aligned,40,role-2,hnsw-high,aligned-v1,757,0.3154166666666667,8.038503056265906,0.2475370091839643,13.298782300579175,1.1431842175680476,0.0,0.0,0.16061358851552204,1.0,,0,0,0,0.088583,512,False,,True,unavailable,,,(),(),,,,
aligned,40,role-2,exact-authorized,aligned-v1,757,0.3154166666666667,8.038503056265906,0.2475370091839643,13.298782300579175,1.1431842175680476,0.0,0.0,0.16061358851552204,1.0,,0,0,0,0.041084,757,False,,True,unavailable,,,(),(),,,,
aligned,40,role-2,unsafe-unfiltered,aligned-v1,757,0.3154166666666667,8.038503056265906,0.2475370091839643,13.298782300579175,1.1431842175680476,0.0,0.0,0.16061358851552204,0.9,,0,0,0,0.041917,10,False,,True,unavailable,,,(),(),,,,
aligned,41,role-2,hnsw-low,aligned-v1,757,0.3154166666666667,7.157414341154129,0.203921260161632,12.496707074893157,1.1672964488541426,0.0,0.0,0.14343152463557848,1.0,,0,0,0,0.038875,128,True,,True,unavailable,,,(),(),,,,
aligned,41,role-2,hnsw-high,aligned-v1,757,0.3154166666666667,7.157414341154129,0.203921260161632,12.496707074893157,1.1672964488541426,0.0,0.0,0.14343152463557848,1.0,,0,0,0,0.086792,512,False,,True,unavailable,,,(),(),,,,
aligned,41,role-2,exact-authorized,aligned-v1,757,0.3154166666666667,7.157414341154129,0.203921260161632,12.496707074893157,1.1672964488541426,0.0,0.0,0.14343152463557848,1.0,,0,0,0,0.035208,757,False,,True,unavailable,,,(),(),,,,
aligned,41,role-2,unsafe-unfiltered,aligned-v1,757,0.3154166666666667,7.157414341154129,0.203921260161632,12.496707074893157,1.1672964488541426,0.0,0.0,0.14343152463557848,1.0,,0,0,0,0.039125,10,False,,True,unavailable,,,(),(),,,,
aligned,42,role-2,hnsw-low,aligned-v1,757,0.3154166666666667,8.438733937037897,0.19900785080395383,11.815521701761588,1.1655550775381467,0.0,0.0,0.15062700565428405,1.0,,0,0,0,0.038375,128,True,,True,unavailable,,,(),(),,,,
aligned,42,role-2,hnsw-high,aligned-v1,757,0.3154166666666667,8.438733937037897,0.19900785080395383,11.815521701761588,1.1655550775381467,0.0,0.0,0.15062700565428405,1.0,,0,0,0,0.087917,512,False,,True,unavailable,,,(),(),,,,
aligned,42,role-2,exact-authorized,aligned-v1,757,0.3154166666666667,8.438733937037897,0.19900785080395383,11.815521701761588,1.1655550775381467,0.0,0.0,0.15062700565428405,1.0,,0,0,0,0.035584,757,False,,True,unavailable,,,(),(),,,,
aligned,42,role-2,unsafe-unfiltered,aligned-v1,757,0.3154166666666667,8.438733937037897,0.19900785080395383,11.815521701761588,1.1655550775381467,0.0,0.0,0.15062700565428405,1.0,,0,0,0,0.0375,10,False,,True,unavailable,,,(),(),,,,
aligned,43,role-2,hnsw-low,aligned-v1,757,0.3154166666666667,8.317016268286059,0.24431608062682017,12.538153125572142,1.1402336803677815,0.0,0.0,0.1617098889336104,0.9,,0,0,0,0.037083,128,True,,True,unavailable,,,(),(),,,,
aligned,43,role-2,hnsw-high,aligned-v1,757,0.3154166666666667,8.317016268286059,0.24431608062682017,12.538153125572142,1.1402336803677815,0.0,0.0,0.1617098889336104,1.0,,0,0,0,0.087791,512,False,,True,unavailable,,,(),(),,,,
aligned,43,role-2,exact-authorized,aligned-v1,757,0.3154166666666667,8.317016268286059,0.24431608062682017,12.538153125572142,1.1402336803677815,0.0,0.0,0.1617098889336104,1.0,,0,0,0,0.037292,757,False,,True,unavailable,,,(),(),,,,
aligned,43,role-2,unsafe-unfiltered,aligned-v1,757,0.3154166666666667,8.317016268286059,0.24431608062682017,12.538153125572142,1.1402336803677815,0.0,0.0,0.1617098889336104,0.9,,0,0,0,0.03725,10,False,,True,unavailable,,,(),(),,,,
aligned,44,role-2,hnsw-low,aligned-v1,757,0.3154166666666667,8.835734114829458,0.19407156958361857,11.579744658833373,1.1544791144679774,0.0,0.0,0.15118522863710343,1.0,,0,0,0,0.037834,128,True,,True,unavailable,,,(),(),,,,
aligned,44,role-2,hnsw-high,aligned-v1,757,0.3154166666666667,8.835734114829458,0.19407156958361857,11.579744658833373,1.1544791144679774,0.0,0.0,0.15118522863710343,1.0,,0,0,0,0.087208,512,False,,True,unavailable,,,(),(),,,,
aligned,44,role-2,exact-authorized,aligned-v1,757,0.3154166666666667,8.835734114829458,0.19407156958361857,11.579744658833373,1.1544791144679774,0.0,0.0,0.15118522863710343,1.0,,0,0,0,0.039042,757,False,,True,unavailable,,,(),(),,,,
aligned,44,role-2,unsafe-unfiltered,aligned-v1,757,0.3154166666666667,8.835734114829458,0.19407156958361857,11.579744658833373,1.1544791144679774,0.0,0.0,0.15118522863710343,1.0,,0,0,0,0.028833,10,False,,True,unavailable,,,(),(),,,,
aligned,45,role-2,hnsw-low,aligned-v1,757,0.3154166666666667,7.030946105294562,0.16700048481597107,11.989850301104248,1.1960976124062406,0.0,0.0,0.13327223596845472,1.0,,0,0,0,0.036917,128,True,,True,unavailable,,,(),(),,,,
aligned,45,role-2,hnsw-high,aligned-v1,757,0.3154166666666667,7.030946105294562,0.16700048481597107,11.989850301104248,1.1960976124062406,0.0,0.0,0.13327223596845472,1.0,,0,0,0,0.0895,512,False,,True,unavailable,,,(),(),,,,
aligned,45,role-2,exact-authorized,aligned-v1,757,0.3154166666666667,7.030946105294562,0.16700048481597107,11.989850301104248,1.1960976124062406,0.0,0.0,0.13327223596845472,1.0,,0,0,0,0.035,757,False,,True,unavailable,,,(),(),,,,
aligned,45,role-2,unsafe-unfiltered,aligned-v1,757,0.3154166666666667,7.030946105294562,0.16700048481597107,11.989850301104248,1.1960976124062406,0.0,0.0,0.13327223596845472,1.0,,0,0,0,0.0365,10,False,,True,unavailable,,,(),(),,,,
aligned,46,role-2,hnsw-low,aligned-v1,757,0.3154166666666667,7.628926809539562,0.1917463031392986,10.830420700069483,1.167549131505915,0.0,0.0,0.14416484837093246,1.0,,0,0,0,0.036625,128,True,,True,unavailable,,,(),(),,,,
aligned,46,role-2,hnsw-high,aligned-v1,757,0.3154166666666667,7.628926809539562,0.1917463031392986,10.830420700069483,1.167549131505915,0.0,0.0,0.14416484837093246,1.0,,0,0,0,0.088,512,False,,True,unavailable,,,(),(),,,,
aligned,46,role-2,exact-authorized,aligned-v1,757,0.3154166666666667,7.628926809539562,0.1917463031392986,10.830420700069483,1.167549131505915,0.0,0.0,0.14416484837093246,1.0,,0,0,0,0.037333,757,False,,True,unavailable,,,(),(),,,,
aligned,46,role-2,unsafe-unfiltered,aligned-v1,757,0.3154166666666667,7.628926809539562,0.1917463031392986,10.830420700069483,1.167549131505915,0.0,0.0,0.14416484837093246,0.9,,0,0,0,0.035833,10,False,,True,unavailable,,,(),(),,,,
aligned,47,role-2,hnsw-low,aligned-v1,757,0.3154166666666667,8.157649216902131,0.24563230230741415,13.013139090411332,1.1341262214227001,0.0,0.0,0.16050890091974396,1.0,,0,0,0,0.040666,128,True,,True,unavailable,,,(),(),,,,
aligned,47,role-2,hnsw-high,aligned-v1,757,0.3154166666666667,8.157649216902131,0.24563230230741415,13.013139090411332,1.1341262214227001,0.0,0.0,0.16050890091974396,1.0,,0,0,0,0.086959,512,False,,True,unavailable,,,(),(),,,,
aligned,47,role-2,exact-authorized,aligned-v1,757,0.3154166666666667,8.157649216902131,0.24563230230741415,13.013139090411332,1.1341262214227001,0.0,0.0,0.16050890091974396,1.0,,0,0,0,0.03375,757,False,,True,unavailable,,,(),(),,,,
aligned,47,role-2,unsafe-unfiltered,aligned-v1,757,0.3154166666666667,8.157649216902131,0.24563230230741415,13.013139090411332,1.1341262214227001,0.0,0.0,0.16050890091974396,1.0,,0,0,0,0.036292,10,False,,True,unavailable,,,(),(),,,,
aligned,48,role-2,hnsw-low,aligned-v1,757,0.3154166666666667,8.931022269908313,0.26302484217384875,13.801181151847539,1.127756412318086,0.0,0.0,0.16971616553610522,1.0,,0,0,0,0.036417,128,True,,True,unavailable,,,(),(),,,,
aligned,48,role-2,hnsw-high,aligned-v1,757,0.3154166666666667,8.931022269908313,0.26302484217384875,13.801181151847539,1.127756412318086,0.0,0.0,0.16971616553610522,1.0,,0,0,0,0.08425,512,False,,True,unavailable,,,(),(),,,,
aligned,48,role-2,exact-authorized,aligned-v1,757,0.3154166666666667,8.931022269908313,0.26302484217384875,13.801181151847539,1.127756412318086,0.0,0.0,0.16971616553610522,1.0,,0,0,0,0.0355,757,False,,True,unavailable,,,(),(),,,,
aligned,48,role-2,unsafe-unfiltered,aligned-v1,757,0.3154166666666667,8.931022269908313,0.26302484217384875,13.801181151847539,1.127756412318086,0.0,0.0,0.16971616553610522,1.0,,0,0,0,0.034958,10,False,,True,unavailable,,,(),(),,,,
aligned,49,role-2,hnsw-low,aligned-v1,757,0.3154166666666667,15.32134007711486,0.03914863602781659,1.2318380621155118,1.122534242693396,0.0,0.0,0.20749332152554797,0.8,,0,0,0,0.036084,128,True,,False,unavailable,,,(),(),,,,
aligned,49,role-2,hnsw-high,aligned-v1,757,0.3154166666666667,15.32134007711486,0.03914863602781659,1.2318380621155118,1.122534242693396,0.0,0.0,0.20749332152554797,1.0,,0,0,0,0.08225,512,False,,True,unavailable,,,(),(),,,,
aligned,49,role-2,exact-authorized,aligned-v1,757,0.3154166666666667,15.32134007711486,0.03914863602781659,1.2318380621155118,1.122534242693396,0.0,0.0,0.20749332152554797,1.0,,0,0,0,0.034708,757,False,,True,unavailable,,,(),(),,,,
aligned,49,role-2,unsafe-unfiltered,aligned-v1,757,0.3154166666666667,15.32134007711486,0.03914863602781659,1.2318380621155118,1.122534242693396,0.0,0.0,0.20749332152554797,0.8,,0,0,0,0.035875,10,False,,False,unavailable,,,(),(),,,,
aligned,50,role-2,hnsw-low,aligned-v1,757,0.3154166666666667,9.157258374258321,0.2469702209096459,14.734829293000487,1.127107163021944,0.0,0.0,0.16574917866384353,0.9,,0,0,0,0.035792,128,True,,True,unavailable,,,(),(),,,,
aligned,50,role-2,hnsw-high,aligned-v1,757,0.3154166666666667,9.157258374258321,0.2469702209096459,14.734829293000487,1.127107163021944,0.0,0.0,0.16574917866384353,1.0,,0,0,0,0.080791,512,False,,True,unavailable,,,(),(),,,,
aligned,50,role-2,exact-authorized,aligned-v1,757,0.3154166666666667,9.157258374258321,0.2469702209096459,14.734829293000487,1.127107163021944,0.0,0.0,0.16574917866384353,1.0,,0,0,0,0.036292,757,False,,True,unavailable,,,(),(),,,,
aligned,50,role-2,unsafe-unfiltered,aligned-v1,757,0.3154166666666667,9.157258374258321,0.2469702209096459,14.734829293000487,1.127107163021944,0.0,0.0,0.16574917866384353,0.9,,0,0,0,0.027333,10,False,,True,unavailable,,,(),(),,,,
aligned,51,role-2,hnsw-low,aligned-v1,757,0.3154166666666667,8.332365427944572,0.16658560184160778,11.59258374620099,1.1732117616211306,0.0,0.0,0.14078585638161342,1.0,,0,0,0,0.036,128,True,,True,unavailable,,,(),(),,,,
aligned,51,role-2,hnsw-high,aligned-v1,757,0.3154166666666667,8.332365427944572,0.16658560184160778,11.59258374620099,1.1732117616211306,0.0,0.0,0.14078585638161342,1.0,,0,0,0,0.080625,512,False,,True,unavailable,,,(),(),,,,
aligned,51,role-2,exact-authorized,aligned-v1,757,0.3154166666666667,8.332365427944572,0.16658560184160778,11.59258374620099,1.1732117616211306,0.0,0.0,0.14078585638161342,1.0,,0,0,0,0.035583,757,False,,True,unavailable,,,(),(),,,,
aligned,51,role-2,unsafe-unfiltered,aligned-v1,757,0.3154166666666667,8.332365427944572,0.16658560184160778,11.59258374620099,1.1732117616211306,0.0,0.0,0.14078585638161342,1.0,,0,0,0,0.029125,10,False,,True,unavailable,,,(),(),,,,
aligned,52,role-2,hnsw-low,aligned-v1,757,0.3154166666666667,9.117800377023023,0.18313933448864286,10.120710137125583,1.149813707951078,0.0,0.0,0.15059694777221103,0.9,,0,0,0,0.035875,128,True,,True,unavailable,,,(),(),,,,
aligned,52,role-2,hnsw-high,aligned-v1,757,0.3154166666666667,9.117800377023023,0.18313933448864286,10.120710137125583,1.149813707951078,0.0,0.0,0.15059694777221103,1.0,,0,0,0,0.081125,512,False,,True,unavailable,,,(),(),,,,
aligned,52,role-2,exact-authorized,aligned-v1,757,0.3154166666666667,9.117800377023023,0.18313933448864286,10.120710137125583,1.149813707951078,0.0,0.0,0.15059694777221103,1.0,,0,0,0,0.037791,757,False,,True,unavailable,,,(),(),,,,
aligned,52,role-2,unsafe-unfiltered,aligned-v1,757,0.3154166666666667,9.117800377023023,0.18313933448864286,10.120710137125583,1.149813707951078,0.0,0.0,0.15059694777221103,0.9,,0,0,0,0.033708,10,False,,True,unavailable,,,(),(),,,,
aligned,53,role-2,hnsw-low,aligned-v1,757,0.3154166666666667,7.884024106130919,0.19780698314659761,11.20465508193372,1.1618355348897267,0.0,0.0,0.1470445865669912,1.0,,0,0,0,0.034875,128,True,,True,unavailable,,,(),(),,,,
aligned,53,role-2,hnsw-high,aligned-v1,757,0.3154166666666667,7.884024106130919,0.19780698314659761,11.20465508193372,1.1618355348897267,0.0,0.0,0.1470445865669912,1.0,,0,0,0,0.0815,512,False,,True,unavailable,,,(),(),,,,
aligned,53,role-2,exact-authorized,aligned-v1,757,0.3154166666666667,7.884024106130919,0.19780698314659761,11.20465508193372,1.1618355348897267,0.0,0.0,0.1470445865669912,1.0,,0,0,0,0.037167,757,False,,True,unavailable,,,(),(),,,,
aligned,53,role-2,unsafe-unfiltered,aligned-v1,757,0.3154166666666667,7.884024106130919,0.19780698314659761,11.20465508193372,1.1618355348897267,0.0,0.0,0.1470445865669912,1.0,,0,0,0,0.034875,10,False,,True,unavailable,,,(),(),,,,
aligned,54,role-2,hnsw-low,aligned-v1,757,0.3154166666666667,14.933864484216626,0.11723294974755687,1.347995468566644,1.1382168564030455,0.0,0.0,0.223137358602947,0.9,,0,0,0,0.03475,128,True,,True,unavailable,,,(),(),,,,
aligned,54,role-2,hnsw-high,aligned-v1,757,0.3154166666666667,14.933864484216626,0.11723294974755687,1.347995468566644,1.1382168564030455,0.0,0.0,0.223137358602947,1.0,,0,0,0,0.079666,512,False,,True,unavailable,,,(),(),,,,
aligned,54,role-2,exact-authorized,aligned-v1,757,0.3154166666666667,14.933864484216626,0.11723294974755687,1.347995468566644,1.1382168564030455,0.0,0.0,0.223137358602947,1.0,,0,0,0,0.036708,757,False,,True,unavailable,,,(),(),,,,
aligned,54,role-2,unsafe-unfiltered,aligned-v1,757,0.3154166666666667,14.933864484216626,0.11723294974755687,1.347995468566644,1.1382168564030455,0.0,0.0,0.223137358602947,0.9,,0,0,0,0.034583,10,False,,True,unavailable,,,(),(),,,,
aligned,55,role-2,hnsw-low,aligned-v1,757,0.3154166666666667,7.592559335376517,0.140958180510565,9.96515438396929,1.193809927526573,0.0,0.0,0.13080464589109153,1.0,,0,0,0,0.0345,128,True,,True,unavailable,,,(),(),,,,
aligned,55,role-2,hnsw-high,aligned-v1,757,0.3154166666666667,7.592559335376517,0.140958180510565,9.96515438396929,1.193809927526573,0.0,0.0,0.13080464589109153,1.0,,0,0,0,0.08225,512,False,,True,unavailable,,,(),(),,,,
aligned,55,role-2,exact-authorized,aligned-v1,757,0.3154166666666667,7.592559335376517,0.140958180510565,9.96515438396929,1.193809927526573,0.0,0.0,0.13080464589109153,1.0,,0,0,0,0.037,757,False,,True,unavailable,,,(),(),,,,
aligned,55,role-2,unsafe-unfiltered,aligned-v1,757,0.3154166666666667,7.592559335376517,0.140958180510565,9.96515438396929,1.193809927526573,0.0,0.0,0.13080464589109153,1.0,,0,0,0,0.02175,10,False,,True,unavailable,,,(),(),,,,
aligned,56,role-2,hnsw-low,aligned-v1,757,0.3154166666666667,7.165394025572616,0.2483068118340043,13.815089932089684,1.1588192132879227,0.0,0.0,0.15561376389761877,1.0,,0,0,0,0.034875,128,True,,True,unavailable,,,(),(),,,,
aligned,56,role-2,hnsw-high,aligned-v1,757,0.3154166666666667,7.165394025572616,0.2483068118340043,13.815089932089684,1.1588192132879227,0.0,0.0,0.15561376389761877,1.0,,0,0,0,0.08225,512,False,,True,unavailable,,,(),(),,,,
aligned,56,role-2,exact-authorized,aligned-v1,757,0.3154166666666667,7.165394025572616,0.2483068118340043,13.815089932089684,1.1588192132879227,0.0,0.0,0.15561376389761877,1.0,,0,0,0,0.033375,757,False,,True,unavailable,,,(),(),,,,
aligned,56,role-2,unsafe-unfiltered,aligned-v1,757,0.3154166666666667,7.165394025572616,0.2483068118340043,13.815089932089684,1.1588192132879227,0.0,0.0,0.15561376389761877,1.0,,0,0,0,0.028125,10,False,,True,unavailable,,,(),(),,,,
aligned,57,role-2,hnsw-low,aligned-v1,757,0.3154166666666667,8.685000048762978,0.2803689226651376,13.576299660386644,1.1162658844987465,0.0,0.0,0.17298261946978058,0.9,,0,0,0,0.034792,128,True,,True,unavailable,,,(),(),,,,
aligned,57,role-2,hnsw-high,aligned-v1,757,0.3154166666666667,8.685000048762978,0.2803689226651376,13.576299660386644,1.1162658844987465,0.0,0.0,0.17298261946978058,0.9,,0,0,0,0.080875,512,False,,True,unavailable,,,(),(),,,,
aligned,57,role-2,exact-authorized,aligned-v1,757,0.3154166666666667,8.685000048762978,0.2803689226651376,13.576299660386644,1.1162658844987465,0.0,0.0,0.17298261946978058,1.0,,0,0,0,0.037708,757,False,,True,unavailable,,,(),(),,,,
aligned,57,role-2,unsafe-unfiltered,aligned-v1,757,0.3154166666666667,8.685000048762978,0.2803689226651376,13.576299660386644,1.1162658844987465,0.0,0.0,0.17298261946978058,0.9,,0,0,0,0.035583,10,False,,True,unavailable,,,(),(),,,,
aligned,58,role-2,hnsw-low,aligned-v1,757,0.3154166666666667,8.166469790804172,0.2601442656728642,15.390388341168354,1.1305316161177534,0.0,0.0,0.16355138866960747,1.0,,0,0,0,0.034959,128,True,,True,unavailable,,,(),(),,,,
aligned,58,role-2,hnsw-high,aligned-v1,757,0.3154166666666667,8.166469790804172,0.2601442656728642,15.390388341168354,1.1305316161177534,0.0,0.0,0.16355138866960747,1.0,,0,0,0,0.082541,512,False,,True,unavailable,,,(),(),,,,
aligned,58,role-2,exact-authorized,aligned-v1,757,0.3154166666666667,8.166469790804172,0.2601442656728642,15.390388341168354,1.1305316161177534,0.0,0.0,0.16355138866960747,1.0,,0,0,0,0.038791,757,False,,True,unavailable,,,(),(),,,,
aligned,58,role-2,unsafe-unfiltered,aligned-v1,757,0.3154166666666667,8.166469790804172,0.2601442656728642,15.390388341168354,1.1305316161177534,0.0,0.0,0.16355138866960747,1.0,,0,0,0,0.034875,10,False,,True,unavailable,,,(),(),,,,
aligned,59,role-2,hnsw-low,aligned-v1,757,0.3154166666666667,7.540318564965717,0.23700179708797836,10.988150378101802,1.148437989328546,0.0,0.0,0.15607114827433147,1.0,,0,0,0,0.034375,128,True,,True,unavailable,,,(),(),,,,
aligned,59,role-2,hnsw-high,aligned-v1,757,0.3154166666666667,7.540318564965717,0.23700179708797836,10.988150378101802,1.148437989328546,0.0,0.0,0.15607114827433147,1.0,,0,0,0,0.082333,512,False,,True,unavailable,,,(),(),,,,
aligned,59,role-2,exact-authorized,aligned-v1,757,0.3154166666666667,7.540318564965717,0.23700179708797836,10.988150378101802,1.148437989328546,0.0,0.0,0.15607114827433147,1.0,,0,0,0,0.038,757,False,,True,unavailable,,,(),(),,,,
aligned,59,role-2,unsafe-unfiltered,aligned-v1,757,0.3154166666666667,7.540318564965717,0.23700179708797836,10.988150378101802,1.148437989328546,0.0,0.0,0.15607114827433147,1.0,,0,0,0,0.033875,10,False,,True,unavailable,,,(),(),,,,
aligned,60,role-3,hnsw-low,aligned-v1,758,0.31583333333333335,8.916384967588577,0.2353923319552161,11.786924573849772,1.1307286292071124,0.0,0.0,0.1627257610087815,1.0,,0,0,0,0.039666,128,True,,True,unavailable,,,(),(),,,,
aligned,60,role-3,hnsw-high,aligned-v1,758,0.31583333333333335,8.916384967588577,0.2353923319552161,11.786924573849772,1.1307286292071124,0.0,0.0,0.1627257610087815,1.0,,0,0,0,0.0835,512,False,,True,unavailable,,,(),(),,,,
aligned,60,role-3,exact-authorized,aligned-v1,758,0.31583333333333335,8.916384967588577,0.2353923319552161,11.786924573849772,1.1307286292071124,0.0,0.0,0.1627257610087815,1.0,,0,0,0,0.037875,758,False,,True,unavailable,,,(),(),,,,
aligned,60,role-3,unsafe-unfiltered,aligned-v1,758,0.31583333333333335,8.916384967588577,0.2353923319552161,11.786924573849772,1.1307286292071124,0.0,0.0,0.1627257610087815,1.0,,0,0,0,0.033042,10,False,,True,unavailable,,,(),(),,,,
aligned,61,role-3,hnsw-low,aligned-v1,758,0.31583333333333335,8.822167015919284,0.23202780917859184,11.533667790482399,1.1276979100275235,0.0,0.0,0.16118591957092349,0.9,,0,0,0,0.036042,128,True,,True,unavailable,,,(),(),,,,
aligned,61,role-3,hnsw-high,aligned-v1,758,0.31583333333333335,8.822167015919284,0.23202780917859184,11.533667790482399,1.1276979100275235,0.0,0.0,0.16118591957092349,1.0,,0,0,0,0.081083,512,False,,True,unavailable,,,(),(),,,,
aligned,61,role-3,exact-authorized,aligned-v1,758,0.31583333333333335,8.822167015919284,0.23202780917859184,11.533667790482399,1.1276979100275235,0.0,0.0,0.16118591957092349,1.0,,0,0,0,0.035667,758,False,,True,unavailable,,,(),(),,,,
aligned,61,role-3,unsafe-unfiltered,aligned-v1,758,0.31583333333333335,8.822167015919284,0.23202780917859184,11.533667790482399,1.1276979100275235,0.0,0.0,0.16118591957092349,0.9,,0,0,0,0.035916,10,False,,True,unavailable,,,(),(),,,,
aligned,62,role-3,hnsw-low,aligned-v1,758,0.31583333333333335,8.738120415441506,0.20793430592465303,11.354458405099427,1.1380465550335934,0.0,0.0,0.15410479812023922,1.0,,0,0,0,0.034458,128,True,,True,unavailable,,,(),(),,,,
aligned,62,role-3,hnsw-high,aligned-v1,758,0.31583333333333335,8.738120415441506,0.20793430592465303,11.354458405099427,1.1380465550335934,0.0,0.0,0.15410479812023922,1.0,,0,0,0,0.081291,512,False,,True,unavailable,,,(),(),,,,
aligned,62,role-3,exact-authorized,aligned-v1,758,0.31583333333333335,8.738120415441506,0.20793430592465303,11.354458405099427,1.1380465550335934,0.0,0.0,0.15410479812023922,1.0,,0,0,0,0.038458,758,False,,True,unavailable,,,(),(),,,,
aligned,62,role-3,unsafe-unfiltered,aligned-v1,758,0.31583333333333335,8.738120415441506,0.20793430592465303,11.354458405099427,1.1380465550335934,0.0,0.0,0.15410479812023922,1.0,,0,0,0,0.034042,10,False,,True,unavailable,,,(),(),,,,
aligned,63,role-3,hnsw-low,aligned-v1,758,0.31583333333333335,8.070559977538357,0.2035147535219753,12.576967717785722,1.1602269740557218,0.0,0.0,0.14889425701066858,1.0,,0,0,0,0.033625,128,True,,True,unavailable,,,(),(),,,,
aligned,63,role-3,hnsw-high,aligned-v1,758,0.31583333333333335,8.070559977538357,0.2035147535219753,12.576967717785722,1.1602269740557218,0.0,0.0,0.14889425701066858,1.0,,0,0,0,0.081958,512,False,,True,unavailable,,,(),(),,,,
aligned,63,role-3,exact-authorized,aligned-v1,758,0.31583333333333335,8.070559977538357,0.2035147535219753,12.576967717785722,1.1602269740557218,0.0,0.0,0.14889425701066858,1.0,,0,0,0,0.038542,758,False,,True,unavailable,,,(),(),,,,
aligned,63,role-3,unsafe-unfiltered,aligned-v1,758,0.31583333333333335,8.070559977538357,0.2035147535219753,12.576967717785722,1.1602269740557218,0.0,0.0,0.14889425701066858,1.0,,0,0,0,0.033208,10,False,,True,unavailable,,,(),(),,,,
aligned,64,role-3,hnsw-low,aligned-v1,758,0.31583333333333335,15.288053752065204,0.26573597332342624,1.289305388785013,1.1591907797523566,0.0,0.0,0.273550463621494,0.9,,0,0,0,0.035208,128,False,,True,unavailable,,,(),(),,,,
aligned,64,role-3,hnsw-high,aligned-v1,758,0.31583333333333335,15.288053752065204,0.26573597332342624,1.289305388785013,1.1591907797523566,0.0,0.0,0.273550463621494,0.9,,0,0,0,0.080708,512,True,,True,unavailable,,,(),(),,,,
aligned,64,role-3,exact-authorized,aligned-v1,758,0.31583333333333335,15.288053752065204,0.26573597332342624,1.289305388785013,1.1591907797523566,0.0,0.0,0.273550463621494,1.0,,0,0,0,0.038417,758,False,,True,unavailable,,,(),(),,,,
aligned,64,role-3,unsafe-unfiltered,aligned-v1,758,0.31583333333333335,15.288053752065204,0.26573597332342624,1.289305388785013,1.1591907797523566,0.0,0.0,0.273550463621494,0.9,,0,0,0,0.03475,10,False,,True,unavailable,,,(),(),,,,
aligned,65,role-3,hnsw-low,aligned-v1,758,0.31583333333333335,9.53353543594333,0.21659348451112542,12.650975272897028,1.1318104836630514,0.0,0.0,0.16017403127787408,0.8,,0,0,0,0.036292,128,True,,False,unavailable,,,(),(),,,,
aligned,65,role-3,hnsw-high,aligned-v1,758,0.31583333333333335,9.53353543594333,0.21659348451112542,12.650975272897028,1.1318104836630514,0.0,0.0,0.16017403127787408,1.0,,0,0,0,0.080917,512,False,,True,unavailable,,,(),(),,,,
aligned,65,role-3,exact-authorized,aligned-v1,758,0.31583333333333335,9.53353543594333,0.21659348451112542,12.650975272897028,1.1318104836630514,0.0,0.0,0.16017403127787408,1.0,,0,0,0,0.0345,758,False,,True,unavailable,,,(),(),,,,
aligned,65,role-3,unsafe-unfiltered,aligned-v1,758,0.31583333333333335,9.53353543594333,0.21659348451112542,12.650975272897028,1.1318104836630514,0.0,0.0,0.16017403127787408,0.8,,0,0,0,0.033958,10,False,,False,unavailable,,,(),(),,,,
aligned,66,role-3,hnsw-low,aligned-v1,758,0.31583333333333335,8.399526001455683,0.20653512932080456,11.073667558832259,1.1489993850881477,0.0,0.0,0.15238166340755252,1.0,,0,0,0,0.035375,128,True,,True,unavailable,,,(),(),,,,
aligned,66,role-3,hnsw-high,aligned-v1,758,0.31583333333333335,8.399526001455683,0.20653512932080456,11.073667558832259,1.1489993850881477,0.0,0.0,0.15238166340755252,1.0,,0,0,0,0.081,512,False,,True,unavailable,,,(),(),,,,
aligned,66,role-3,exact-authorized,aligned-v1,758,0.31583333333333335,8.399526001455683,0.20653512932080456,11.073667558832259,1.1489993850881477,0.0,0.0,0.15238166340755252,1.0,,0,0,0,0.033167,758,False,,True,unavailable,,,(),(),,,,
aligned,66,role-3,unsafe-unfiltered,aligned-v1,758,0.31583333333333335,8.399526001455683,0.20653512932080456,11.073667558832259,1.1489993850881477,0.0,0.0,0.15238166340755252,1.0,,0,0,0,0.035416,10,False,,True,unavailable,,,(),(),,,,
aligned,67,role-3,hnsw-low,aligned-v1,758,0.31583333333333335,8.375987885324218,0.2670161682428135,12.030623619042306,1.1262050936368608,0.0,0.0,0.16852190712286688,1.0,,0,0,0,0.036,128,True,,True,unavailable,,,(),(),,,,
aligned,67,role-3,hnsw-high,aligned-v1,758,0.31583333333333335,8.375987885324218,0.2670161682428135,12.030623619042306,1.1262050936368608,0.0,0.0,0.16852190712286688,1.0,,0,0,0,0.082708,512,False,,True,unavailable,,,(),(),,,,
aligned,67,role-3,exact-authorized,aligned-v1,758,0.31583333333333335,8.375987885324218,0.2670161682428135,12.030623619042306,1.1262050936368608,0.0,0.0,0.16852190712286688,1.0,,0,0,0,0.037042,758,False,,True,unavailable,,,(),(),,,,
aligned,67,role-3,unsafe-unfiltered,aligned-v1,758,0.31583333333333335,8.375987885324218,0.2670161682428135,12.030623619042306,1.1262050936368608,0.0,0.0,0.16852190712286688,1.0,,0,0,0,0.035459,10,False,,True,unavailable,,,(),(),,,,
aligned,68,role-3,hnsw-low,aligned-v1,758,0.31583333333333335,8.559907296796144,0.14098253120081453,8.672533864635264,1.1659456354758901,0.0,0.0,0.13705210032415713,1.0,,0,0,0,0.033208,128,True,,True,unavailable,,,(),(),,,,
aligned,68,role-3,hnsw-high,aligned-v1,758,0.31583333333333335,8.559907296796144,0.14098253120081453,8.672533864635264,1.1659456354758901,0.0,0.0,0.13705210032415713,1.0,,0,0,0,0.081792,512,False,,True,unavailable,,,(),(),,,,
aligned,68,role-3,exact-authorized,aligned-v1,758,0.31583333333333335,8.559907296796144,0.14098253120081453,8.672533864635264,1.1659456354758901,0.0,0.0,0.13705210032415713,1.0,,0,0,0,0.03825,758,False,,True,unavailable,,,(),(),,,,
aligned,68,role-3,unsafe-unfiltered,aligned-v1,758,0.31583333333333335,8.559907296796144,0.14098253120081453,8.672533864635264,1.1659456354758901,0.0,0.0,0.13705210032415713,1.0,,0,0,0,0.033083,10,False,,True,unavailable,,,(),(),,,,
aligned,69,role-3,hnsw-low,aligned-v1,758,0.31583333333333335,8.383276128783049,0.1755241886657664,10.029494635918788,1.1550384624190113,0.0,0.0,0.14421969863998207,0.8,,0,0,0,0.035959,128,True,,False,unavailable,,,(),(),,,,
aligned,69,role-3,hnsw-high,aligned-v1,758,0.31583333333333335,8.383276128783049,0.1755241886657664,10.029494635918788,1.1550384624190113,0.0,0.0,0.14421969863998207,1.0,,0,0,0,0.08125,512,False,,True,unavailable,,,(),(),,,,
aligned,69,role-3,exact-authorized,aligned-v1,758,0.31583333333333335,8.383276128783049,0.1755241886657664,10.029494635918788,1.1550384624190113,0.0,0.0,0.14421969863998207,1.0,,0,0,0,0.036,758,False,,True,unavailable,,,(),(),,,,
aligned,69,role-3,unsafe-unfiltered,aligned-v1,758,0.31583333333333335,8.383276128783049,0.1755241886657664,10.029494635918788,1.1550384624190113,0.0,0.0,0.14421969863998207,0.8,,0,0,0,0.035292,10,False,,False,unavailable,,,(),(),,,,
aligned,70,role-3,hnsw-low,aligned-v1,758,0.31583333333333335,7.485215693824292,0.2654246399712132,9.695904781678463,1.1467086137713336,0.0,0.0,0.16536047344134028,1.0,,0,0,0,0.038458,128,True,,True,unavailable,,,(),(),,,,
aligned,70,role-3,hnsw-high,aligned-v1,758,0.31583333333333335,7.485215693824292,0.2654246399712132,9.695904781678463,1.1467086137713336,0.0,0.0,0.16536047344134028,1.0,,0,0,0,0.08275,512,False,,True,unavailable,,,(),(),,,,
aligned,70,role-3,exact-authorized,aligned-v1,758,0.31583333333333335,7.485215693824292,0.2654246399712132,9.695904781678463,1.1467086137713336,0.0,0.0,0.16536047344134028,1.0,,0,0,0,0.03675,758,False,,True,unavailable,,,(),(),,,,
aligned,70,role-3,unsafe-unfiltered,aligned-v1,758,0.31583333333333335,7.485215693824292,0.2654246399712132,9.695904781678463,1.1467086137713336,0.0,0.0,0.16536047344134028,1.0,,0,0,0,0.03575,10,False,,True,unavailable,,,(),(),,,,
aligned,71,role-3,hnsw-low,aligned-v1,758,0.31583333333333335,7.789227000597385,0.25851799736521647,15.087780606059805,1.139968108319655,0.0,0.0,0.1612558450674294,1.0,,0,0,0,0.034709,128,True,,True,unavailable,,,(),(),,,,
aligned,71,role-3,hnsw-high,aligned-v1,758,0.31583333333333335,7.789227000597385,0.25851799736521647,15.087780606059805,1.139968108319655,0.0,0.0,0.1612558450674294,1.0,,0,0,0,0.082084,512,False,,True,unavailable,,,(),(),,,,
aligned,71,role-3,exact-authorized,aligned-v1,758,0.31583333333333335,7.789227000597385,0.25851799736521647,15.087780606059805,1.139968108319655,0.0,0.0,0.1612558450674294,1.0,,0,0,0,0.036875,758,False,,True,unavailable,,,(),(),,,,
aligned,71,role-3,unsafe-unfiltered,aligned-v1,758,0.31583333333333335,7.789227000597385,0.25851799736521647,15.087780606059805,1.139968108319655,0.0,0.0,0.1612558450674294,1.0,,0,0,0,0.033958,10,False,,True,unavailable,,,(),(),,,,
aligned,72,role-3,hnsw-low,aligned-v1,758,0.31583333333333335,7.574206418359355,0.14143471946440825,9.88057159259266,1.1889604411278392,0.0,0.0,0.13067042865114842,1.0,,0,0,0,0.034083,128,True,,True,unavailable,,,(),(),,,,
aligned,72,role-3,hnsw-high,aligned-v1,758,0.31583333333333335,7.574206418359355,0.14143471946440825,9.88057159259266,1.1889604411278392,0.0,0.0,0.13067042865114842,1.0,,0,0,0,0.082625,512,False,,True,unavailable,,,(),(),,,,
aligned,72,role-3,exact-authorized,aligned-v1,758,0.31583333333333335,7.574206418359355,0.14143471946440825,9.88057159259266,1.1889604411278392,0.0,0.0,0.13067042865114842,1.0,,0,0,0,0.0385,758,False,,True,unavailable,,,(),(),,,,
aligned,72,role-3,unsafe-unfiltered,aligned-v1,758,0.31583333333333335,7.574206418359355,0.14143471946440825,9.88057159259266,1.1889604411278392,0.0,0.0,0.13067042865114842,1.0,,0,0,0,0.032625,10,False,,True,unavailable,,,(),(),,,,
aligned,73,role-3,hnsw-low,aligned-v1,758,0.31583333333333335,8.204918147438814,0.22852619147193012,14.40565499873112,1.1430172923198316,0.0,0.0,0.1553763929107956,1.0,,0,0,0,0.036416,128,True,,True,unavailable,,,(),(),,,,
aligned,73,role-3,hnsw-high,aligned-v1,758,0.31583333333333335,8.204918147438814,0.22852619147193012,14.40565499873112,1.1430172923198316,0.0,0.0,0.1553763929107956,1.0,,0,0,0,0.082459,512,False,,True,unavailable,,,(),(),,,,
aligned,73,role-3,exact-authorized,aligned-v1,758,0.31583333333333335,8.204918147438814,0.22852619147193012,14.40565499873112,1.1430172923198316,0.0,0.0,0.1553763929107956,1.0,,0,0,0,0.038375,758,False,,True,unavailable,,,(),(),,,,
aligned,73,role-3,unsafe-unfiltered,aligned-v1,758,0.31583333333333335,8.204918147438814,0.22852619147193012,14.40565499873112,1.1430172923198316,0.0,0.0,0.1553763929107956,1.0,,0,0,0,0.033834,10,False,,True,unavailable,,,(),(),,,,
aligned,74,role-3,hnsw-low,aligned-v1,758,0.31583333333333335,16.05771577383814,0.2268901665027443,1.2285519791416384,1.143365703041549,0.0,0.0,0.26796539610144987,0.9,,0,0,0,0.0355,128,False,,True,unavailable,,,(),(),,,,
aligned,74,role-3,hnsw-high,aligned-v1,758,0.31583333333333335,16.05771577383814,0.2268901665027443,1.2285519791416384,1.143365703041549,0.0,0.0,0.26796539610144987,0.9,,0,0,0,0.12775,512,True,,True,unavailable,,,(),(),,,,
aligned,74,role-3,exact-authorized,aligned-v1,758,0.31583333333333335,16.05771577383814,0.2268901665027443,1.2285519791416384,1.143365703041549,0.0,0.0,0.26796539610144987,1.0,,0,0,0,0.069958,758,False,,True,unavailable,,,(),(),,,,
aligned,74,role-3,unsafe-unfiltered,aligned-v1,758,0.31583333333333335,16.05771577383814,0.2268901665027443,1.2285519791416384,1.143365703041549,0.0,0.0,0.26796539610144987,0.9,,0,0,0,0.056584,10,False,,True,unavailable,,,(),(),,,,
aligned,75,role-3,hnsw-low,aligned-v1,758,0.31583333333333335,8.75538028302912,0.20306751251205973,12.227976878046661,1.1502934733213448,0.0,0.0,0.15273239169189373,0.7,,0,0,0,0.043292,128,True,,False,unavailable,,,(),(),,,,
aligned,75,role-3,hnsw-high,aligned-v1,758,0.31583333333333335,8.75538028302912,0.20306751251205973,12.227976878046661,1.1502934733213448,0.0,0.0,0.15273239169189373,1.0,,0,0,0,0.100583,512,False,,True,unavailable,,,(),(),,,,
aligned,75,role-3,exact-authorized,aligned-v1,758,0.31583333333333335,8.75538028302912,0.20306751251205973,12.227976878046661,1.1502934733213448,0.0,0.0,0.15273239169189373,1.0,,0,0,0,0.0455,758,False,,True,unavailable,,,(),(),,,,
aligned,75,role-3,unsafe-unfiltered,aligned-v1,758,0.31583333333333335,8.75538028302912,0.20306751251205973,12.227976878046661,1.1502934733213448,0.0,0.0,0.15273239169189373,0.7,,0,0,0,0.039292,10,False,,False,unavailable,,,(),(),,,,
aligned,76,role-3,hnsw-low,aligned-v1,758,0.31583333333333335,7.8268581942061655,0.145049709030264,9.255079173155048,1.1888129640796177,0.0,0.0,0.134077918911975,1.0,,0,0,0,0.039542,128,True,,True,unavailable,,,(),(),,,,
aligned,76,role-3,hnsw-high,aligned-v1,758,0.31583333333333335,7.8268581942061655,0.145049709030264,9.255079173155048,1.1888129640796177,0.0,0.0,0.134077918911975,1.0,,0,0,0,0.097417,512,False,,True,unavailable,,,(),(),,,,
aligned,76,role-3,exact-authorized,aligned-v1,758,0.31583333333333335,7.8268581942061655,0.145049709030264,9.255079173155048,1.1888129640796177,0.0,0.0,0.134077918911975,1.0,,0,0,0,0.042959,758,False,,True,unavailable,,,(),(),,,,
aligned,76,role-3,unsafe-unfiltered,aligned-v1,758,0.31583333333333335,7.8268581942061655,0.145049709030264,9.255079173155048,1.1888129640796177,0.0,0.0,0.134077918911975,1.0,,0,0,0,0.037083,10,False,,True,unavailable,,,(),(),,,,
aligned,77,role-3,hnsw-low,aligned-v1,758,0.31583333333333335,8.222336223792968,0.14207044967491014,9.578935430854477,1.1758036723619427,0.0,0.0,0.134686253282927,1.0,,0,0,0,0.038625,128,True,,True,unavailable,,,(),(),,,,
aligned,77,role-3,hnsw-high,aligned-v1,758,0.31583333333333335,8.222336223792968,0.14207044967491014,9.578935430854477,1.1758036723619427,0.0,0.0,0.134686253282927,1.0,,0,0,0,0.0865,512,False,,True,unavailable,,,(),(),,,,
aligned,77,role-3,exact-authorized,aligned-v1,758,0.31583333333333335,8.222336223792968,0.14207044967491014,9.578935430854477,1.1758036723619427,0.0,0.0,0.134686253282927,1.0,,0,0,0,0.039833,758,False,,True,unavailable,,,(),(),,,,
aligned,77,role-3,unsafe-unfiltered,aligned-v1,758,0.31583333333333335,8.222336223792968,0.14207044967491014,9.578935430854477,1.1758036723619427,0.0,0.0,0.134686253282927,1.0,,0,0,0,0.036416,10,False,,True,unavailable,,,(),(),,,,
aligned,78,role-3,hnsw-low,aligned-v1,758,0.31583333333333335,9.242193852623,0.18890797313421948,10.630242841065776,1.1488322332327476,0.0,0.0,0.15253532333088696,0.9,,0,0,0,0.035375,128,True,,True,unavailable,,,(),(),,,,
aligned,78,role-3,hnsw-high,aligned-v1,758,0.31583333333333335,9.242193852623,0.18890797313421948,10.630242841065776,1.1488322332327476,0.0,0.0,0.15253532333088696,1.0,,0,0,0,0.093958,512,False,,True,unavailable,,,(),(),,,,
aligned,78,role-3,exact-authorized,aligned-v1,758,0.31583333333333335,9.242193852623,0.18890797313421948,10.630242841065776,1.1488322332327476,0.0,0.0,0.15253532333088696,1.0,,0,0,0,0.039584,758,False,,True,unavailable,,,(),(),,,,
aligned,78,role-3,unsafe-unfiltered,aligned-v1,758,0.31583333333333335,9.242193852623,0.18890797313421948,10.630242841065776,1.1488322332327476,0.0,0.0,0.15253532333088696,0.9,,0,0,0,0.034459,10,False,,True,unavailable,,,(),(),,,,
aligned,79,role-3,hnsw-low,aligned-v1,758,0.31583333333333335,8.610450328651645,0.2003612638556294,8.758757875634915,1.148734247567447,0.0,0.0,0.15420091782328824,1.0,,0,0,0,0.036666,128,True,,True,unavailable,,,(),(),,,,
aligned,79,role-3,hnsw-high,aligned-v1,758,0.31583333333333335,8.610450328651645,0.2003612638556294,8.758757875634915,1.148734247567447,0.0,0.0,0.15420091782328824,1.0,,0,0,0,0.092084,512,False,,True,unavailable,,,(),(),,,,
aligned,79,role-3,exact-authorized,aligned-v1,758,0.31583333333333335,8.610450328651645,0.2003612638556294,8.758757875634915,1.148734247567447,0.0,0.0,0.15420091782328824,1.0,,0,0,0,0.038583,758,False,,True,unavailable,,,(),(),,,,
aligned,79,role-3,unsafe-unfiltered,aligned-v1,758,0.31583333333333335,8.610450328651645,0.2003612638556294,8.758757875634915,1.148734247567447,0.0,0.0,0.15420091782328824,1.0,,0,0,0,0.035125,10,False,,True,unavailable,,,(),(),,,,
policy-scrambled,0,role-0,hnsw-low,scrambled-v2,755,0.3145833333333333,11.979386653584795,0.15295356201578258,1.4770339506793515,1.1909595500333112,0.43666666666666665,0.0,0.3667865809209335,1.0,,0,0,0,0.059833,128,False,,True,unavailable,,,(),(),,,,
policy-scrambled,0,role-0,hnsw-high,scrambled-v2,755,0.3145833333333333,11.979386653584795,0.15295356201578258,1.4770339506793515,1.1909595500333112,0.43666666666666665,0.0,0.3667865809209335,1.0,,0,0,0,0.098334,512,False,,True,unavailable,,,(),(),,,,
policy-scrambled,0,role-0,exact-authorized,scrambled-v2,755,0.3145833333333333,11.979386653584795,0.15295356201578258,1.4770339506793515,1.1909595500333112,0.43666666666666665,0.0,0.3667865809209335,1.0,,0,0,0,0.058584,755,True,,True,unavailable,,,(),(),,,,
policy-scrambled,0,role-0,unsafe-unfiltered,scrambled-v2,755,0.3145833333333333,11.979386653584795,0.15295356201578258,1.4770339506793515,1.1909595500333112,0.43666666666666665,0.0,0.3667865809209335,0.4,,6,6,0,0.046459,10,False,,False,unavailable,,,(),(),,,,
policy-scrambled,1,role-0,hnsw-low,scrambled-v2,755,0.3145833333333333,7.665043835937726,0.10803057640473829,9.249160097910622,1.2116076038235613,0.43666666666666665,0.0,0.2730678528703796,1.0,,0,0,0,0.032667,128,False,,True,unavailable,,,(),(),,,,
policy-scrambled,1,role-0,hnsw-high,scrambled-v2,755,0.3145833333333333,7.665043835937726,0.10803057640473829,9.249160097910622,1.2116076038235613,0.43666666666666665,0.0,0.2730678528703796,1.0,,0,0,0,0.092583,512,True,,True,unavailable,,,(),(),,,,
policy-scrambled,1,role-0,exact-authorized,scrambled-v2,755,0.3145833333333333,7.665043835937726,0.10803057640473829,9.249160097910622,1.2116076038235613,0.43666666666666665,0.0,0.2730678528703796,1.0,,0,0,0,0.043875,755,False,,True,unavailable,,,(),(),,,,
policy-scrambled,1,role-0,unsafe-unfiltered,scrambled-v2,755,0.3145833333333333,7.665043835937726,0.10803057640473829,9.249160097910622,1.2116076038235613,0.43666666666666665,0.0,0.2730678528703796,0.2,,8,8,0,0.0385,10,False,,False,unavailable,,,(),(),,,,
policy-scrambled,2,role-0,hnsw-low,scrambled-v2,755,0.3145833333333333,13.405909275196413,0.28399444288182063,1.3482009522531218,1.2064552234839103,0.43666666666666665,0.0,0.4200198952207225,1.0,,0,0,0,0.031084,128,False,,True,unavailable,,,(),(),,,,
policy-scrambled,2,role-0,hnsw-high,scrambled-v2,755,0.3145833333333333,13.405909275196413,0.28399444288182063,1.3482009522531218,1.2064552234839103,0.43666666666666665,0.0,0.4200198952207225,1.0,,0,0,0,0.081708,512,False,,True,unavailable,,,(),(),,,,
policy-scrambled,2,role-0,exact-authorized,scrambled-v2,755,0.3145833333333333,13.405909275196413,0.28399444288182063,1.3482009522531218,1.2064552234839103,0.43666666666666665,0.0,0.4200198952207225,1.0,,0,0,0,0.038208,755,True,,True,unavailable,,,(),(),,,,
policy-scrambled,2,role-0,unsafe-unfiltered,scrambled-v2,755,0.3145833333333333,13.405909275196413,0.28399444288182063,1.3482009522531218,1.2064552234839103,0.43666666666666665,0.0,0.4200198952207225,0.1,,9,9,0,0.037,10,False,,False,unavailable,,,(),(),,,,
policy-scrambled,3,role-0,hnsw-low,scrambled-v2,755,0.3145833333333333,11.66054507329215,0.1415808097097988,1.6242956773768016,1.1913937154547198,0.43666666666666665,0.0,0.3556838084384887,1.0,,0,0,0,0.029792,128,False,,True,unavailable,,,(),(),,,,
policy-scrambled,3,role-0,hnsw-high,scrambled-v2,755,0.3145833333333333,11.66054507329215,0.1415808097097988,1.6242956773768016,1.1913937154547198,0.43666666666666665,0.0,0.3556838084384887,1.0,,0,0,0,0.085125,512,True,,True,unavailable,,,(),(),,,,
policy-scrambled,3,role-0,exact-authorized,scrambled-v2,755,0.3145833333333333,11.66054507329215,0.1415808097097988,1.6242956773768016,1.1913937154547198,0.43666666666666665,0.0,0.3556838084384887,1.0,,0,0,0,0.0405,755,False,,True,unavailable,,,(),(),,,,
policy-scrambled,3,role-0,unsafe-unfiltered,scrambled-v2,755,0.3145833333333333,11.66054507329215,0.1415808097097988,1.6242956773768016,1.1913937154547198,0.43666666666666665,0.0,0.3556838084384887,0.2,,8,8,0,0.03675,10,False,,False,unavailable,,,(),(),,,,
policy-scrambled,4,role-0,hnsw-low,scrambled-v2,755,0.3145833333333333,10.782162766339175,0.07003628172346574,1.405100379300445,1.1776536331823517,0.43666666666666665,0.0,0.33863112717428295,0.9,,0,0,0,0.030041,128,False,,True,unavailable,,,(),(),,,,
policy-scrambled,4,role-0,hnsw-high,scrambled-v2,755,0.3145833333333333,10.782162766339175,0.07003628172346574,1.405100379300445,1.1776536331823517,0.43666666666666665,0.0,0.33863112717428295,1.0,,0,0,0,0.087625,512,True,,True,unavailable,,,(),(),,,,
policy-scrambled,4,role-0,exact-authorized,scrambled-v2,755,0.3145833333333333,10.782162766339175,0.07003628172346574,1.405100379300445,1.1776536331823517,0.43666666666666665,0.0,0.33863112717428295,1.0,,0,0,0,0.037708,755,False,,True,unavailable,,,(),(),,,,
policy-scrambled,4,role-0,unsafe-unfiltered,scrambled-v2,755,0.3145833333333333,10.782162766339175,0.07003628172346574,1.405100379300445,1.1776536331823517,0.43666666666666665,0.0,0.33863112717428295,0.2,,8,8,0,0.034708,10,False,,False,unavailable,,,(),(),,,,
policy-scrambled,5,role-0,hnsw-low,scrambled-v2,755,0.3145833333333333,9.543184877550324,0.07869109723820607,1.5951856009378216,1.208772032455346,0.43666666666666665,0.0,0.3274907903877955,1.0,,0,0,0,0.029167,128,False,,True,unavailable,,,(),(),,,,
policy-scrambled,5,role-0,hnsw-high,scrambled-v2,755,0.3145833333333333,9.543184877550324,0.07869109723820607,1.5951856009378216,1.208772032455346,0.43666666666666665,0.0,0.3274907903877955,1.0,,0,0,0,0.087375,512,True,,True,unavailable,,,(),(),,,,
policy-scrambled,5,role-0,exact-authorized,scrambled-v2,755,0.3145833333333333,9.543184877550324,0.07869109723820607,1.5951856009378216,1.208772032455346,0.43666666666666665,0.0,0.3274907903877955,1.0,,0,0,0,0.037667,755,False,,True,unavailable,,,(),(),,,,
policy-scrambled,5,role-0,unsafe-unfiltered,scrambled-v2,755,0.3145833333333333,9.543184877550324,0.07869109723820607,1.5951856009378216,1.208772032455346,0.43666666666666665,0.0,0.3274907903877955,0.3,,7,7,0,0.035875,10,False,,False,unavailable,,,(),(),,,,
policy-scrambled,6,role-0,hnsw-low,scrambled-v2,755,0.3145833333333333,6.809580868870427,0.054823937838939456,12.287629635458332,1.2857097697172666,0.43666666666666665,0.0,0.2523704447949756,1.0,,0,0,0,0.028959,128,False,,True,unavailable,,,(),(),,,,
policy-scrambled,6,role-0,hnsw-high,scrambled-v2,755,0.3145833333333333,6.809580868870427,0.054823937838939456,12.287629635458332,1.2857097697172666,0.43666666666666665,0.0,0.2523704447949756,1.0,,0,0,0,0.089125,512,True,,True,unavailable,,,(),(),,,,
policy-scrambled,6,role-0,exact-authorized,scrambled-v2,755,0.3145833333333333,6.809580868870427,0.054823937838939456,12.287629635458332,1.2857097697172666,0.43666666666666665,0.0,0.2523704447949756,1.0,,0,0,0,0.035042,755,False,,True,unavailable,,,(),(),,,,
policy-scrambled,6,role-0,unsafe-unfiltered,scrambled-v2,755,0.3145833333333333,6.809580868870427,0.054823937838939456,12.287629635458332,1.2857097697172666,0.43666666666666665,0.0,0.2523704447949756,0.2,,8,8,0,0.035584,10,False,,False,unavailable,,,(),(),,,,
policy-scrambled,7,role-0,hnsw-low,scrambled-v2,755,0.3145833333333333,10.78546543778944,0.08792535337313123,1.3888600082095284,1.1747185920961871,0.43666666666666665,0.0,0.3447007269511124,1.0,,0,0,0,0.02975,128,False,,True,unavailable,,,(),(),,,,
policy-scrambled,7,role-0,hnsw-high,scrambled-v2,755,0.3145833333333333,10.78546543778944,0.08792535337313123,1.3888600082095284,1.1747185920961871,0.43666666666666665,0.0,0.3447007269511124,1.0,,0,0,0,0.086375,512,True,,True,unavailable,,,(),(),,,,
policy-scrambled,7,role-0,exact-authorized,scrambled-v2,755,0.3145833333333333,10.78546543778944,0.08792535337313123,1.3888600082095284,1.1747185920961871,0.43666666666666665,0.0,0.3447007269511124,1.0,,0,0,0,0.038917,755,False,,True,unavailable,,,(),(),,,,
policy-scrambled,7,role-0,unsafe-unfiltered,scrambled-v2,755,0.3145833333333333,10.78546543778944,0.08792535337313123,1.3888600082095284,1.1747185920961871,0.43666666666666665,0.0,0.3447007269511124,0.2,,8,8,0,0.0355,10,False,,False,unavailable,,,(),(),,,,
policy-scrambled,8,role-0,hnsw-low,scrambled-v2,755,0.3145833333333333,7.207607072412116,0.2005779569622183,13.345334075325308,1.1883707049956276,0.43666666666666665,0.0,0.2933130444592724,1.0,,0,0,0,0.029541,128,False,,True,unavailable,,,(),(),,,,
policy-scrambled,8,role-0,hnsw-high,scrambled-v2,755,0.3145833333333333,7.207607072412116,0.2005779569622183,13.345334075325308,1.1883707049956276,0.43666666666666665,0.0,0.2933130444592724,1.0,,0,0,0,0.084084,512,True,,True,unavailable,,,(),(),,,,
policy-scrambled,8,role-0,exact-authorized,scrambled-v2,755,0.3145833333333333,7.207607072412116,0.2005779569622183,13.345334075325308,1.1883707049956276,0.43666666666666665,0.0,0.2933130444592724,1.0,,0,0,0,0.036,755,False,,True,unavailable,,,(),(),,,,
policy-scrambled,8,role-0,unsafe-unfiltered,scrambled-v2,755,0.3145833333333333,7.207607072412116,0.2005779569622183,13.345334075325308,1.1883707049956276,0.43666666666666665,0.0,0.2933130444592724,0.2,,8,8,0,0.034875,10,False,,False,unavailable,,,(),(),,,,
policy-scrambled,9,role-0,hnsw-low,scrambled-v2,755,0.3145833333333333,11.132560807176956,0.302989976090837,1.3901183526771137,1.2142428370542782,0.43666666666666665,0.0,0.4129418987800968,1.0,,0,0,0,0.028125,128,False,,True,unavailable,,,(),(),,,,
policy-scrambled,9,role-0,hnsw-high,scrambled-v2,755,0.3145833333333333,11.132560807176956,0.302989976090837,1.3901183526771137,1.2142428370542782,0.43666666666666665,0.0,0.4129418987800968,1.0,,0,0,0,0.084375,512,False,,True,unavailable,,,(),(),,,,
policy-scrambled,9,role-0,exact-authorized,scrambled-v2,755,0.3145833333333333,11.132560807176956,0.302989976090837,1.3901183526771137,1.2142428370542782,0.43666666666666665,0.0,0.4129418987800968,1.0,,0,0,0,0.036125,755,True,,True,unavailable,,,(),(),,,,
policy-scrambled,9,role-0,unsafe-unfiltered,scrambled-v2,755,0.3145833333333333,11.132560807176956,0.302989976090837,1.3901183526771137,1.2142428370542782,0.43666666666666665,0.0,0.4129418987800968,0.2,,8,8,0,0.089375,10,False,,False,unavailable,,,(),(),,,,
policy-scrambled,10,role-0,hnsw-low,scrambled-v2,755,0.3145833333333333,10.980766478327835,0.32781202659547737,1.4091084865598331,1.2187523791378345,0.43666666666666665,0.0,0.418857628548282,1.0,,0,0,0,0.052042,128,False,,True,unavailable,,,(),(),,,,
policy-scrambled,10,role-0,hnsw-high,scrambled-v2,755,0.3145833333333333,10.980766478327835,0.32781202659547737,1.4091084865598331,1.2187523791378345,0.43666666666666665,0.0,0.418857628548282,1.0,,0,0,0,0.117208,512,False,,True,unavailable,,,(),(),,,,
policy-scrambled,10,role-0,exact-authorized,scrambled-v2,755,0.3145833333333333,10.980766478327835,0.32781202659547737,1.4091084865598331,1.2187523791378345,0.43666666666666665,0.0,0.418857628548282,1.0,,0,0,0,0.059833,755,True,,True,unavailable,,,(),(),,,,
policy-scrambled,10,role-0,unsafe-unfiltered,scrambled-v2,755,0.3145833333333333,10.980766478327835,0.32781202659547737,1.4091084865598331,1.2187523791378345,0.43666666666666665,0.0,0.418857628548282,0.1,,9,9,0,0.043916,10,False,,False,unavailable,,,(),(),,,,
policy-scrambled,11,role-0,hnsw-low,scrambled-v2,755,0.3145833333333333,12.5581602261798,0.1857303097048254,1.3656184483418472,1.2037461509146663,0.43666666666666665,0.0,0.38556196541548693,1.0,,0,0,0,0.035333,128,False,,True,unavailable,,,(),(),,,,
policy-scrambled,11,role-0,hnsw-high,scrambled-v2,755,0.3145833333333333,12.5581602261798,0.1857303097048254,1.3656184483418472,1.2037461509146663,0.43666666666666665,0.0,0.38556196541548693,1.0,,0,0,0,0.113958,512,False,,True,unavailable,,,(),(),,,,
policy-scrambled,11,role-0,exact-authorized,scrambled-v2,755,0.3145833333333333,12.5581602261798,0.1857303097048254,1.3656184483418472,1.2037461509146663,0.43666666666666665,0.0,0.38556196541548693,1.0,,0,0,0,0.047666,755,True,,True,unavailable,,,(),(),,,,
policy-scrambled,11,role-0,unsafe-unfiltered,scrambled-v2,755,0.3145833333333333,12.5581602261798,0.1857303097048254,1.3656184483418472,1.2037461509146663,0.43666666666666665,0.0,0.38556196541548693,0.2,,8,8,0,0.045375,10,False,,False,unavailable,,,(),(),,,,
policy-scrambled,12,role-0,hnsw-low,scrambled-v2,755,0.3145833333333333,10.480973661726717,0.11988508027284919,1.4279853283853001,1.1983983746217626,0.43666666666666665,0.0,0.35187741879516565,1.0,,0,0,0,0.039209,128,False,,True,unavailable,,,(),(),,,,
policy-scrambled,12,role-0,hnsw-high,scrambled-v2,755,0.3145833333333333,10.480973661726717,0.11988508027284919,1.4279853283853001,1.1983983746217626,0.43666666666666665,0.0,0.35187741879516565,1.0,,0,0,0,0.096333,512,True,,True,unavailable,,,(),(),,,,
policy-scrambled,12,role-0,exact-authorized,scrambled-v2,755,0.3145833333333333,10.480973661726717,0.11988508027284919,1.4279853283853001,1.1983983746217626,0.43666666666666665,0.0,0.35187741879516565,1.0,,0,0,0,0.05675,755,False,,True,unavailable,,,(),(),,,,
policy-scrambled,12,role-0,unsafe-unfiltered,scrambled-v2,755,0.3145833333333333,10.480973661726717,0.11988508027284919,1.4279853283853001,1.1983983746217626,0.43666666666666665,0.0,0.35187741879516565,0.4,,6,6,0,0.042042,10,False,,False,unavailable,,,(),(),,,,
policy-scrambled,13,role-0,hnsw-low,scrambled-v2,755,0.3145833333333333,7.526286782655867,0.1650354612833106,11.135916218097428,1.1966294371018824,0.43666666666666665,0.0,0.28667751197947416,1.0,,0,0,0,0.034792,128,False,,True,unavailable,,,(),(),,,,
policy-scrambled,13,role-0,hnsw-high,scrambled-v2,755,0.3145833333333333,7.526286782655867,0.1650354612833106,11.135916218097428,1.1966294371018824,0.43666666666666665,0.0,0.28667751197947416,1.0,,0,0,0,0.093042,512,True,,True,unavailable,,,(),(),,,,
policy-scrambled,13,role-0,exact-authorized,scrambled-v2,755,0.3145833333333333,7.526286782655867,0.1650354612833106,11.135916218097428,1.1966294371018824,0.43666666666666665,0.0,0.28667751197947416,1.0,,0,0,0,0.0435,755,False,,True,unavailable,,,(),(),,,,
policy-scrambled,13,role-0,unsafe-unfiltered,scrambled-v2,755,0.3145833333333333,7.526286782655867,0.1650354612833106,11.135916218097428,1.1966294371018824,0.43666666666666665,0.0,0.28667751197947416,0.2,,8,8,0,0.038458,10,False,,False,unavailable,,,(),(),,,,
policy-scrambled,14,role-0,hnsw-low,scrambled-v2,755,0.3145833333333333,10.951661468641227,0.14027269065537523,1.3321313258363747,1.197371396929576,0.43666666666666665,0.0,0.3654758344086699,0.9,,0,0,0,0.032083,128,False,,True,unavailable,,,(),(),,,,
policy-scrambled,14,role-0,hnsw-high,scrambled-v2,755,0.3145833333333333,10.951661468641227,0.14027269065537523,1.3321313258363747,1.197371396929576,0.43666666666666665,0.0,0.3654758344086699,0.9,,0,0,0,0.0985,512,False,,True,unavailable,,,(),(),,,,
policy-scrambled,14,role-0,exact-authorized,scrambled-v2,755,0.3145833333333333,10.951661468641227,0.14027269065537523,1.3321313258363747,1.197371396929576,0.43666666666666665,0.0,0.3654758344086699,1.0,,0,0,0,0.041792,755,True,,True,unavailable,,,(),(),,,,
policy-scrambled,14,role-0,unsafe-unfiltered,scrambled-v2,755,0.3145833333333333,10.951661468641227,0.14027269065537523,1.3321313258363747,1.197371396929576,0.43666666666666665,0.0,0.3654758344086699,0.2,,8,8,0,0.039042,10,False,,False,unavailable,,,(),(),,,,
policy-scrambled,15,role-0,hnsw-low,scrambled-v2,755,0.3145833333333333,13.097954553083081,0.22896411338246483,1.3403160594289356,1.2130315429139709,0.43666666666666665,0.0,0.4028833419691239,1.0,,0,0,0,0.032,128,False,,True,unavailable,,,(),(),,,,
policy-scrambled,15,role-0,hnsw-high,scrambled-v2,755,0.3145833333333333,13.097954553083081,0.22896411338246483,1.3403160594289356,1.2130315429139709,0.43666666666666665,0.0,0.4028833419691239,1.0,,0,0,0,0.095708,512,False,,True,unavailable,,,(),(),,,,
policy-scrambled,15,role-0,exact-authorized,scrambled-v2,755,0.3145833333333333,13.097954553083081,0.22896411338246483,1.3403160594289356,1.2130315429139709,0.43666666666666665,0.0,0.4028833419691239,1.0,,0,0,0,0.043958,755,True,,True,unavailable,,,(),(),,,,
policy-scrambled,15,role-0,unsafe-unfiltered,scrambled-v2,755,0.3145833333333333,13.097954553083081,0.22896411338246483,1.3403160594289356,1.2130315429139709,0.43666666666666665,0.0,0.4028833419691239,0.2,,8,8,0,0.040083,10,False,,False,unavailable,,,(),(),,,,
policy-scrambled,16,role-0,hnsw-low,scrambled-v2,755,0.3145833333333333,10.801285164156631,0.20206762837822662,1.6439106471718552,1.2307339459741844,0.43666666666666665,0.0,0.37065665371275447,1.0,,0,0,0,0.030708,128,False,,True,unavailable,,,(),(),,,,
policy-scrambled,16,role-0,hnsw-high,scrambled-v2,755,0.3145833333333333,10.801285164156631,0.20206762837822662,1.6439106471718552,1.2307339459741844,0.43666666666666665,0.0,0.37065665371275447,1.0,,0,0,0,0.091083,512,False,,True,unavailable,,,(),(),,,,
policy-scrambled,16,role-0,exact-authorized,scrambled-v2,755,0.3145833333333333,10.801285164156631,0.20206762837822662,1.6439106471718552,1.2307339459741844,0.43666666666666665,0.0,0.37065665371275447,1.0,,0,0,0,0.041583,755,True,,True,unavailable,,,(),(),,,,
policy-scrambled,16,role-0,unsafe-unfiltered,scrambled-v2,755,0.3145833333333333,10.801285164156631,0.20206762837822662,1.6439106471718552,1.2307339459741844,0.43666666666666665,0.0,0.37065665371275447,0.2,,8,8,0,0.03825,10,False,,False,unavailable,,,(),(),,,,
policy-scrambled,17,role-0,hnsw-low,scrambled-v2,755,0.3145833333333333,13.074761877479352,0.34645921773715366,1.3392033054971328,1.2008776061705864,0.43666666666666665,0.0,0.4374802388542617,1.0,,0,0,0,0.031625,128,False,,True,unavailable,,,(),(),,,,
policy-scrambled,17,role-0,hnsw-high,scrambled-v2,755,0.3145833333333333,13.074761877479352,0.34645921773715366,1.3392033054971328,1.2008776061705864,0.43666666666666665,0.0,0.4374802388542617,1.0,,0,0,0,0.092708,512,False,,True,unavailable,,,(),(),,,,
policy-scrambled,17,role-0,exact-authorized,scrambled-v2,755,0.3145833333333333,13.074761877479352,0.34645921773715366,1.3392033054971328,1.2008776061705864,0.43666666666666665,0.0,0.4374802388542617,1.0,,0,0,0,0.040167,755,True,,True,unavailable,,,(),(),,,,
policy-scrambled,17,role-0,unsafe-unfiltered,scrambled-v2,755,0.3145833333333333,13.074761877479352,0.34645921773715366,1.3392033054971328,1.2008776061705864,0.43666666666666665,0.0,0.4374802388542617,0.1,,9,9,0,0.038917,10,False,,False,unavailable,,,(),(),,,,
policy-scrambled,18,role-0,hnsw-low,scrambled-v2,755,0.3145833333333333,11.840326646981554,0.16703522020612432,1.3466546704602969,1.1953726690580697,0.43666666666666665,0.0,0.3771037218838781,1.0,,0,0,0,0.03075,128,False,,True,unavailable,,,(),(),,,,
policy-scrambled,18,role-0,hnsw-high,scrambled-v2,755,0.3145833333333333,11.840326646981554,0.16703522020612432,1.3466546704602969,1.1953726690580697,0.43666666666666665,0.0,0.3771037218838781,1.0,,0,0,0,0.090542,512,False,,True,unavailable,,,(),(),,,,
policy-scrambled,18,role-0,exact-authorized,scrambled-v2,755,0.3145833333333333,11.840326646981554,0.16703522020612432,1.3466546704602969,1.1953726690580697,0.43666666666666665,0.0,0.3771037218838781,1.0,,0,0,0,0.04275,755,True,,True,unavailable,,,(),(),,,,
policy-scrambled,18,role-0,unsafe-unfiltered,scrambled-v2,755,0.3145833333333333,11.840326646981554,0.16703522020612432,1.3466546704602969,1.1953726690580697,0.43666666666666665,0.0,0.3771037218838781,0.4,,6,6,0,0.039708,10,False,,False,unavailable,,,(),(),,,,
policy-scrambled,19,role-0,hnsw-low,scrambled-v2,755,0.3145833333333333,6.626113705929042,0.2175184630941158,13.31433540564519,1.1755403814759684,0.43666666666666665,0.0,0.29375768729920027,1.0,,0,0,0,0.031083,128,False,,True,unavailable,,,(),(),,,,
policy-scrambled,19,role-0,hnsw-high,scrambled-v2,755,0.3145833333333333,6.626113705929042,0.2175184630941158,13.31433540564519,1.1755403814759684,0.43666666666666665,0.0,0.29375768729920027,1.0,,0,0,0,0.087875,512,True,,True,unavailable,,,(),(),,,,
policy-scrambled,19,role-0,exact-authorized,scrambled-v2,755,0.3145833333333333,6.626113705929042,0.2175184630941158,13.31433540564519,1.1755403814759684,0.43666666666666665,0.0,0.29375768729920027,1.0,,0,0,0,0.039417,755,False,,True,unavailable,,,(),(),,,,
policy-scrambled,19,role-0,unsafe-unfiltered,scrambled-v2,755,0.3145833333333333,6.626113705929042,0.2175184630941158,13.31433540564519,1.1755403814759684,0.43666666666666665,0.0,0.29375768729920027,0.3,,7,7,0,0.036333,10,False,,False,unavailable,,,(),(),,,,
policy-scrambled,20,role-1,hnsw-low,scrambled-v2,748,0.31166666666666665,7.033963749799227,0.1301411554097172,9.614406110379848,1.2217870488946567,0.42916666666666664,0.0,0.275580227210241,1.0,,0,0,0,0.035792,128,False,,True,unavailable,,,(),(),,,,
policy-scrambled,20,role-1,hnsw-high,scrambled-v2,748,0.31166666666666665,7.033963749799227,0.1301411554097172,9.614406110379848,1.2217870488946567,0.42916666666666664,0.0,0.275580227210241,1.0,,0,0,0,0.090959,512,True,,True,unavailable,,,(),(),,,,
policy-scrambled,20,role-1,exact-authorized,scrambled-v2,748,0.31166666666666665,7.033963749799227,0.1301411554097172,9.614406110379848,1.2217870488946567,0.42916666666666664,0.0,0.275580227210241,1.0,,0,0,0,0.042417,748,False,,True,unavailable,,,(),(),,,,
policy-scrambled,20,role-1,unsafe-unfiltered,scrambled-v2,748,0.31166666666666665,7.033963749799227,0.1301411554097172,9.614406110379848,1.2217870488946567,0.42916666666666664,0.0,0.275580227210241,0.6,,4,4,0,0.04325,10,False,,False,unavailable,,,(),(),,,,
policy-scrambled,21,role-1,hnsw-low,scrambled-v2,748,0.31166666666666665,11.529733171769555,0.3093958313564701,1.3364631392175104,1.2114114488947036,0.42916666666666664,0.0,0.4196332095565539,1.0,,0,0,0,0.030208,128,False,,True,unavailable,,,(),(),,,,
policy-scrambled,21,role-1,hnsw-high,scrambled-v2,748,0.31166666666666665,11.529733171769555,0.3093958313564701,1.3364631392175104,1.2114114488947036,0.42916666666666664,0.0,0.4196332095565539,1.0,,0,0,0,0.089542,512,False,,True,unavailable,,,(),(),,,,
policy-scrambled,21,role-1,exact-authorized,scrambled-v2,748,0.31166666666666665,11.529733171769555,0.3093958313564701,1.3364631392175104,1.2114114488947036,0.42916666666666664,0.0,0.4196332095565539,1.0,,0,0,0,0.037084,748,True,,True,unavailable,,,(),(),,,,
policy-scrambled,21,role-1,unsafe-unfiltered,scrambled-v2,748,0.31166666666666665,11.529733171769555,0.3093958313564701,1.3364631392175104,1.2114114488947036,0.42916666666666664,0.0,0.4196332095565539,0.2,,8,8,0,0.038833,10,False,,False,unavailable,,,(),(),,,,
policy-scrambled,22,role-1,hnsw-low,scrambled-v2,748,0.31166666666666665,11.957524083737301,0.12483382784358614,1.4510249442313317,1.187834987769908,0.42916666666666664,0.0,0.35930102298289757,1.0,,0,0,0,0.031584,128,False,,True,unavailable,,,(),(),,,,
policy-scrambled,22,role-1,hnsw-high,scrambled-v2,748,0.31166666666666665,11.957524083737301,0.12483382784358614,1.4510249442313317,1.187834987769908,0.42916666666666664,0.0,0.35930102298289757,1.0,,0,0,0,0.089292,512,True,,True,unavailable,,,(),(),,,,
policy-scrambled,22,role-1,exact-authorized,scrambled-v2,748,0.31166666666666665,11.957524083737301,0.12483382784358614,1.4510249442313317,1.187834987769908,0.42916666666666664,0.0,0.35930102298289757,1.0,,0,0,0,0.039917,748,False,,True,unavailable,,,(),(),,,,
policy-scrambled,22,role-1,unsafe-unfiltered,scrambled-v2,748,0.31166666666666665,11.957524083737301,0.12483382784358614,1.4510249442313317,1.187834987769908,0.42916666666666664,0.0,0.35930102298289757,0.2,,8,8,0,0.039209,10,False,,False,unavailable,,,(),(),,,,
policy-scrambled,23,role-1,hnsw-low,scrambled-v2,748,0.31166666666666665,9.737058470131801,0.2691455632835184,1.4754493395935493,1.215881322429425,0.42916666666666664,0.0,0.3911733286758383,1.0,,0,0,0,0.030542,128,False,,True,unavailable,,,(),(),,,,
policy-scrambled,23,role-1,hnsw-high,scrambled-v2,748,0.31166666666666665,9.737058470131801,0.2691455632835184,1.4754493395935493,1.215881322429425,0.42916666666666664,0.0,0.3911733286758383,1.0,,0,0,0,0.088417,512,False,,True,unavailable,,,(),(),,,,
policy-scrambled,23,role-1,exact-authorized,scrambled-v2,748,0.31166666666666665,9.737058470131801,0.2691455632835184,1.4754493395935493,1.215881322429425,0.42916666666666664,0.0,0.3911733286758383,1.0,,0,0,0,0.036875,748,True,,True,unavailable,,,(),(),,,,
policy-scrambled,23,role-1,unsafe-unfiltered,scrambled-v2,748,0.31166666666666665,9.737058470131801,0.2691455632835184,1.4754493395935493,1.215881322429425,0.42916666666666664,0.0,0.3911733286758383,0.2,,8,8,0,0.039625,10,False,,False,unavailable,,,(),(),,,,
policy-scrambled,24,role-1,hnsw-low,scrambled-v2,748,0.31166666666666665,12.221782196828004,0.1626743873864672,1.4157043563491327,1.1803352719558198,0.42916666666666664,0.0,0.373280763876507,0.9,,0,0,0,0.030417,128,False,,True,unavailable,,,(),(),,,,
policy-scrambled,24,role-1,hnsw-high,scrambled-v2,748,0.31166666666666665,12.221782196828004,0.1626743873864672,1.4157043563491327,1.1803352719558198,0.42916666666666664,0.0,0.373280763876507,0.9,,0,0,0,0.086667,512,False,,True,unavailable,,,(),(),,,,
policy-scrambled,24,role-1,exact-authorized,scrambled-v2,748,0.31166666666666665,12.221782196828004,0.1626743873864672,1.4157043563491327,1.1803352719558198,0.42916666666666664,0.0,0.373280763876507,1.0,,0,0,0,0.040208,748,True,,True,unavailable,,,(),(),,,,
policy-scrambled,24,role-1,unsafe-unfiltered,scrambled-v2,748,0.31166666666666665,12.221782196828004,0.1626743873864672,1.4157043563491327,1.1803352719558198,0.42916666666666664,0.0,0.373280763876507,0.2,,8,8,0,0.038291,10,False,,False,unavailable,,,(),(),,,,
policy-scrambled,25,role-1,hnsw-low,scrambled-v2,748,0.31166666666666665,9.220508235596306,0.37824395608490896,1.3464585836043845,1.2600805483539006,0.42916666666666664,0.0,0.42963341784139153,1.0,,0,0,0,0.030375,128,False,,True,unavailable,,,(),(),,,,
policy-scrambled,25,role-1,hnsw-high,scrambled-v2,748,0.31166666666666665,9.220508235596306,0.37824395608490896,1.3464585836043845,1.2600805483539006,0.42916666666666664,0.0,0.42963341784139153,1.0,,0,0,0,0.09125,512,False,,True,unavailable,,,(),(),,,,
policy-scrambled,25,role-1,exact-authorized,scrambled-v2,748,0.31166666666666665,9.220508235596306,0.37824395608490896,1.3464585836043845,1.2600805483539006,0.42916666666666664,0.0,0.42963341784139153,1.0,,0,0,0,0.039208,748,True,,True,unavailable,,,(),(),,,,
policy-scrambled,25,role-1,unsafe-unfiltered,scrambled-v2,748,0.31166666666666665,9.220508235596306,0.37824395608490896,1.3464585836043845,1.2600805483539006,0.42916666666666664,0.0,0.42963341784139153,0.2,,8,8,0,0.038708,10,False,,False,unavailable,,,(),(),,,,
policy-scrambled,26,role-1,hnsw-low,scrambled-v2,748,0.31166666666666665,11.084286877788168,0.14095243523851955,1.3891397567925658,1.1885301889738762,0.42916666666666664,0.0,0.36284626302160583,1.0,,0,0,0,0.030292,128,False,,True,unavailable,,,(),(),,,,
policy-scrambled,26,role-1,hnsw-high,scrambled-v2,748,0.31166666666666665,11.084286877788168,0.14095243523851955,1.3891397567925658,1.1885301889738762,0.42916666666666664,0.0,0.36284626302160583,1.0,,0,0,0,0.087625,512,False,,True,unavailable,,,(),(),,,,
policy-scrambled,26,role-1,exact-authorized,scrambled-v2,748,0.31166666666666665,11.084286877788168,0.14095243523851955,1.3891397567925658,1.1885301889738762,0.42916666666666664,0.0,0.36284626302160583,1.0,,0,0,0,0.038792,748,True,,True,unavailable,,,(),(),,,,
policy-scrambled,26,role-1,unsafe-unfiltered,scrambled-v2,748,0.31166666666666665,11.084286877788168,0.14095243523851955,1.3891397567925658,1.1885301889738762,0.42916666666666664,0.0,0.36284626302160583,0.2,,8,8,0,0.036125,10,False,,False,unavailable,,,(),(),,,,
policy-scrambled,27,role-1,hnsw-low,scrambled-v2,748,0.31166666666666665,10.897597405571481,0.1936056069197546,1.4101924123255623,1.2113718533912847,0.42916666666666664,0.0,0.3777377034355286,1.0,,0,0,0,0.031041,128,False,,True,unavailable,,,(),(),,,,
policy-scrambled,27,role-1,hnsw-high,scrambled-v2,748,0.31166666666666665,10.897597405571481,0.1936056069197546,1.4101924123255623,1.2113718533912847,0.42916666666666664,0.0,0.3777377034355286,1.0,,0,0,0,0.089167,512,False,,True,unavailable,,,(),(),,,,
policy-scrambled,27,role-1,exact-authorized,scrambled-v2,748,0.31166666666666665,10.897597405571481,0.1936056069197546,1.4101924123255623,1.2113718533912847,0.42916666666666664,0.0,0.3777377034355286,1.0,,0,0,0,0.035291,748,True,,True,unavailable,,,(),(),,,,
policy-scrambled,27,role-1,unsafe-unfiltered,scrambled-v2,748,0.31166666666666665,10.897597405571481,0.1936056069197546,1.4101924123255623,1.2113718533912847,0.42916666666666664,0.0,0.3777377034355286,0.2,,8,8,0,0.036209,10,False,,False,unavailable,,,(),(),,,,
policy-scrambled,28,role-1,hnsw-low,scrambled-v2,748,0.31166666666666665,10.469135081033416,0.16548146263632274,1.3729523245918673,1.2130984184254545,0.42916666666666664,0.0,0.36903461066176546,1.0,,0,0,0,0.030458,128,False,,True,unavailable,,,(),(),,,,
policy-scrambled,28,role-1,hnsw-high,scrambled-v2,748,0.31166666666666665,10.469135081033416,0.16548146263632274,1.3729523245918673,1.2130984184254545,0.42916666666666664,0.0,0.36903461066176546,1.0,,0,0,0,0.090042,512,False,,True,unavailable,,,(),(),,,,
policy-scrambled,28,role-1,exact-authorized,scrambled-v2,748,0.31166666666666665,10.469135081033416,0.16548146263632274,1.3729523245918673,1.2130984184254545,0.42916666666666664,0.0,0.36903461066176546,1.0,,0,0,0,0.040542,748,True,,True,unavailable,,,(),(),,,,
policy-scrambled,28,role-1,unsafe-unfiltered,scrambled-v2,748,0.31166666666666665,10.469135081033416,0.16548146263632274,1.3729523245918673,1.2130984184254545,0.42916666666666664,0.0,0.36903461066176546,0.3,,7,7,0,0.03975,10,False,,False,unavailable,,,(),(),,,,
policy-scrambled,29,role-1,hnsw-low,scrambled-v2,748,0.31166666666666665,10.193278325426078,0.20824593036262082,1.3726430709918667,1.2069649548242212,0.42916666666666664,0.0,0.38007440586755126,0.9,,0,0,0,0.031417,128,False,,True,unavailable,,,(),(),,,,
policy-scrambled,29,role-1,hnsw-high,scrambled-v2,748,0.31166666666666665,10.193278325426078,0.20824593036262082,1.3726430709918667,1.2069649548242212,0.42916666666666664,0.0,0.38007440586755126,0.9,,0,0,0,0.086875,512,False,,True,unavailable,,,(),(),,,,
policy-scrambled,29,role-1,exact-authorized,scrambled-v2,748,0.31166666666666665,10.193278325426078,0.20824593036262082,1.3726430709918667,1.2069649548242212,0.42916666666666664,0.0,0.38007440586755126,1.0,,0,0,0,0.04,748,True,,True,unavailable,,,(),(),,,,
policy-scrambled,29,role-1,unsafe-unfiltered,scrambled-v2,748,0.31166666666666665,10.193278325426078,0.20824593036262082,1.3726430709918667,1.2069649548242212,0.42916666666666664,0.0,0.38007440586755126,0.3,,7,7,0,0.037208,10,False,,False,unavailable,,,(),(),,,,
policy-scrambled,30,role-1,hnsw-low,scrambled-v2,748,0.31166666666666665,14.128520511737033,0.4690112897758155,1.238912969968119,1.1855602122702522,0.42916666666666664,0.0,0.4841922851060575,1.0,,0,0,0,0.031042,128,False,,True,unavailable,,,(),(),,,,
policy-scrambled,30,role-1,hnsw-high,scrambled-v2,748,0.31166666666666665,14.128520511737033,0.4690112897758155,1.238912969968119,1.1855602122702522,0.42916666666666664,0.0,0.4841922851060575,1.0,,0,0,0,0.088833,512,False,,True,unavailable,,,(),(),,,,
policy-scrambled,30,role-1,exact-authorized,scrambled-v2,748,0.31166666666666665,14.128520511737033,0.4690112897758155,1.238912969968119,1.1855602122702522,0.42916666666666664,0.0,0.4841922851060575,1.0,,0,0,0,0.038208,748,True,,True,unavailable,,,(),(),,,,
policy-scrambled,30,role-1,unsafe-unfiltered,scrambled-v2,748,0.31166666666666665,14.128520511737033,0.4690112897758155,1.238912969968119,1.1855602122702522,0.42916666666666664,0.0,0.4841922851060575,0.0,,10,10,0,0.037042,10,False,,False,unavailable,,,(),(),,,,
policy-scrambled,31,role-1,hnsw-low,scrambled-v2,748,0.31166666666666665,11.73926549373142,0.15128831707836563,1.3392670916636078,1.2064181897660742,0.42916666666666664,0.0,0.3728415332992318,0.9,,0,0,0,0.031333,128,False,,True,unavailable,,,(),(),,,,
policy-scrambled,31,role-1,hnsw-high,scrambled-v2,748,0.31166666666666665,11.73926549373142,0.15128831707836563,1.3392670916636078,1.2064181897660742,0.42916666666666664,0.0,0.3728415332992318,1.0,,0,0,0,0.089542,512,False,,True,unavailable,,,(),(),,,,
policy-scrambled,31,role-1,exact-authorized,scrambled-v2,748,0.31166666666666665,11.73926549373142,0.15128831707836563,1.3392670916636078,1.2064181897660742,0.42916666666666664,0.0,0.3728415332992318,1.0,,0,0,0,0.040375,748,True,,True,unavailable,,,(),(),,,,
policy-scrambled,31,role-1,unsafe-unfiltered,scrambled-v2,748,0.31166666666666665,11.73926549373142,0.15128831707836563,1.3392670916636078,1.2064181897660742,0.42916666666666664,0.0,0.3728415332992318,0.0,,10,10,0,0.0365,10,False,,False,unavailable,,,(),(),,,,
policy-scrambled,32,role-1,hnsw-low,scrambled-v2,748,0.31166666666666665,10.342347884705658,0.07307619756940409,1.3861930473236324,1.201534646619998,0.42916666666666664,0.0,0.33935342263849944,1.0,,0,0,0,0.030083,128,False,,True,unavailable,,,(),(),,,,
policy-scrambled,32,role-1,hnsw-high,scrambled-v2,748,0.31166666666666665,10.342347884705658,0.07307619756940409,1.3861930473236324,1.201534646619998,0.42916666666666664,0.0,0.33935342263849944,1.0,,0,0,0,0.118667,512,True,,True,unavailable,,,(),(),,,,
policy-scrambled,32,role-1,exact-authorized,scrambled-v2,748,0.31166666666666665,10.342347884705658,0.07307619756940409,1.3861930473236324,1.201534646619998,0.42916666666666664,0.0,0.33935342263849944,1.0,,0,0,0,0.040417,748,False,,True,unavailable,,,(),(),,,,
policy-scrambled,32,role-1,unsafe-unfiltered,scrambled-v2,748,0.31166666666666665,10.342347884705658,0.07307619756940409,1.3861930473236324,1.201534646619998,0.42916666666666664,0.0,0.33935342263849944,0.2,,8,8,0,0.059583,10,False,,False,unavailable,,,(),(),,,,
policy-scrambled,33,role-1,hnsw-low,scrambled-v2,748,0.31166666666666665,9.741575008971349,0.1860250306129712,6.041939253302709,1.1753781513372263,0.42916666666666664,0.0,0.31301255831381025,1.0,,0,0,0,0.044,128,False,,True,unavailable,,,(),(),,,,
policy-scrambled,33,role-1,hnsw-high,scrambled-v2,748,0.31166666666666665,9.741575008971349,0.1860250306129712,6.041939253302709,1.1753781513372263,0.42916666666666664,0.0,0.31301255831381025,1.0,,0,0,0,0.110542,512,True,,True,unavailable,,,(),(),,,,
policy-scrambled,33,role-1,exact-authorized,scrambled-v2,748,0.31166666666666665,9.741575008971349,0.1860250306129712,6.041939253302709,1.1753781513372263,0.42916666666666664,0.0,0.31301255831381025,1.0,,0,0,0,0.059958,748,False,,True,unavailable,,,(),(),,,,
policy-scrambled,33,role-1,unsafe-unfiltered,scrambled-v2,748,0.31166666666666665,9.741575008971349,0.1860250306129712,6.041939253302709,1.1753781513372263,0.42916666666666664,0.0,0.31301255831381025,0.4,,6,6,0,0.051,10,False,,False,unavailable,,,(),(),,,,
policy-scrambled,34,role-1,hnsw-low,scrambled-v2,748,0.31166666666666665,9.505045815318582,0.19971546863298575,7.837290097310608,1.1482382000649847,0.42916666666666664,0.0,0.31062352319671205,1.0,,0,0,0,0.034416,128,False,,True,unavailable,,,(),(),,,,
policy-scrambled,34,role-1,hnsw-high,scrambled-v2,748,0.31166666666666665,9.505045815318582,0.19971546863298575,7.837290097310608,1.1482382000649847,0.42916666666666664,0.0,0.31062352319671205,1.0,,0,0,0,0.105291,512,True,,True,unavailable,,,(),(),,,,
policy-scrambled,34,role-1,exact-authorized,scrambled-v2,748,0.31166666666666665,9.505045815318582,0.19971546863298575,7.837290097310608,1.1482382000649847,0.42916666666666664,0.0,0.31062352319671205,1.0,,0,0,0,0.042875,748,False,,True,unavailable,,,(),(),,,,
policy-scrambled,34,role-1,unsafe-unfiltered,scrambled-v2,748,0.31166666666666665,9.505045815318582,0.19971546863298575,7.837290097310608,1.1482382000649847,0.42916666666666664,0.0,0.31062352319671205,0.2,,8,8,0,0.038291,10,False,,False,unavailable,,,(),(),,,,
policy-scrambled,35,role-1,hnsw-low,scrambled-v2,748,0.31166666666666665,14.565062297888614,0.32784752830500946,1.2392707937151566,1.2065070574821761,0.42916666666666664,0.0,0.4447174884148921,1.0,,0,0,0,0.029792,128,False,,True,unavailable,,,(),(),,,,
policy-scrambled,35,role-1,hnsw-high,scrambled-v2,748,0.31166666666666665,14.565062297888614,0.32784752830500946,1.2392707937151566,1.2065070574821761,0.42916666666666664,0.0,0.4447174884148921,1.0,,0,0,0,0.139625,512,False,,True,unavailable,,,(),(),,,,
policy-scrambled,35,role-1,exact-authorized,scrambled-v2,748,0.31166666666666665,14.565062297888614,0.32784752830500946,1.2392707937151566,1.2065070574821761,0.42916666666666664,0.0,0.4447174884148921,1.0,,0,0,0,0.088916,748,True,,True,unavailable,,,(),(),,,,
policy-scrambled,35,role-1,unsafe-unfiltered,scrambled-v2,748,0.31166666666666665,14.565062297888614,0.32784752830500946,1.2392707937151566,1.2065070574821761,0.42916666666666664,0.0,0.4447174884148921,0.3,,7,7,0,0.038166,10,False,,False,unavailable,,,(),(),,,,
policy-scrambled,36,role-1,hnsw-low,scrambled-v2,748,0.31166666666666665,12.03807924624843,0.1182765172779589,1.3778492332603258,1.183776769629604,0.42916666666666664,0.0,0.3611843876079264,1.0,,0,0,0,0.029916,128,False,,True,unavailable,,,(),(),,,,
policy-scrambled,36,role-1,hnsw-high,scrambled-v2,748,0.31166666666666665,12.03807924624843,0.1182765172779589,1.3778492332603258,1.183776769629604,0.42916666666666664,0.0,0.3611843876079264,1.0,,0,0,0,0.093125,512,False,,True,unavailable,,,(),(),,,,
policy-scrambled,36,role-1,exact-authorized,scrambled-v2,748,0.31166666666666665,12.03807924624843,0.1182765172779589,1.3778492332603258,1.183776769629604,0.42916666666666664,0.0,0.3611843876079264,1.0,,0,0,0,0.088541,748,True,,True,unavailable,,,(),(),,,,
policy-scrambled,36,role-1,unsafe-unfiltered,scrambled-v2,748,0.31166666666666665,12.03807924624843,0.1182765172779589,1.3778492332603258,1.183776769629604,0.42916666666666664,0.0,0.3611843876079264,0.3,,7,7,0,0.037625,10,False,,False,unavailable,,,(),(),,,,
policy-scrambled,37,role-1,hnsw-low,scrambled-v2,748,0.31166666666666665,16.686023951021067,0.2188584554793813,1.2586311484291226,1.163480439523315,0.42916666666666664,0.0,0.4169912687479612,0.9,,0,0,0,0.0325,128,False,,True,unavailable,,,(),(),,,,
policy-scrambled,37,role-1,hnsw-high,scrambled-v2,748,0.31166666666666665,16.686023951021067,0.2188584554793813,1.2586311484291226,1.163480439523315,0.42916666666666664,0.0,0.4169912687479612,1.0,,0,0,0,0.100459,512,False,,True,unavailable,,,(),(),,,,
policy-scrambled,37,role-1,exact-authorized,scrambled-v2,748,0.31166666666666665,16.686023951021067,0.2188584554793813,1.2586311484291226,1.163480439523315,0.42916666666666664,0.0,0.4169912687479612,1.0,,0,0,0,0.05225,748,True,,True,unavailable,,,(),(),,,,
policy-scrambled,37,role-1,unsafe-unfiltered,scrambled-v2,748,0.31166666666666665,16.686023951021067,0.2188584554793813,1.2586311484291226,1.163480439523315,0.42916666666666664,0.0,0.4169912687479612,0.0,,10,10,0,0.03875,10,False,,False,unavailable,,,(),(),,,,
policy-scrambled,38,role-1,hnsw-low,scrambled-v2,748,0.31166666666666665,13.936891079656512,0.20613604957929493,1.2754447976109062,1.1825162817653867,0.42916666666666664,0.0,0.4020383558285401,1.0,,0,0,0,0.030834,128,False,,True,unavailable,,,(),(),,,,
policy-scrambled,38,role-1,hnsw-high,scrambled-v2,748,0.31166666666666665,13.936891079656512,0.20613604957929493,1.2754447976109062,1.1825162817653867,0.42916666666666664,0.0,0.4020383558285401,1.0,,0,0,0,0.084167,512,False,,True,unavailable,,,(),(),,,,
policy-scrambled,38,role-1,exact-authorized,scrambled-v2,748,0.31166666666666665,13.936891079656512,0.20613604957929493,1.2754447976109062,1.1825162817653867,0.42916666666666664,0.0,0.4020383558285401,1.0,,0,0,0,0.04625,748,True,,True,unavailable,,,(),(),,,,
policy-scrambled,38,role-1,unsafe-unfiltered,scrambled-v2,748,0.31166666666666665,13.936891079656512,0.20613604957929493,1.2754447976109062,1.1825162817653867,0.42916666666666664,0.0,0.4020383558285401,0.2,,8,8,0,0.035333,10,False,,False,unavailable,,,(),(),,,,
policy-scrambled,39,role-1,hnsw-low,scrambled-v2,748,0.31166666666666665,13.60686201885367,0.20280483158557494,1.3086519476990774,1.1742208095083098,0.42916666666666664,0.0,0.3971878628514458,1.0,,0,0,0,0.030459,128,False,,True,unavailable,,,(),(),,,,
policy-scrambled,39,role-1,hnsw-high,scrambled-v2,748,0.31166666666666665,13.60686201885367,0.20280483158557494,1.3086519476990774,1.1742208095083098,0.42916666666666664,0.0,0.3971878628514458,1.0,,0,0,0,0.083208,512,False,,True,unavailable,,,(),(),,,,
policy-scrambled,39,role-1,exact-authorized,scrambled-v2,748,0.31166666666666665,13.60686201885367,0.20280483158557494,1.3086519476990774,1.1742208095083098,0.42916666666666664,0.0,0.3971878628514458,1.0,,0,0,0,0.039708,748,True,,True,unavailable,,,(),(),,,,
policy-scrambled,39,role-1,unsafe-unfiltered,scrambled-v2,748,0.31166666666666665,13.60686201885367,0.20280483158557494,1.3086519476990774,1.1742208095083098,0.42916666666666664,0.0,0.3971878628514458,0.1,,9,9,0,0.03525,10,False,,False,unavailable,,,(),(),,,,
policy-scrambled,40,role-2,hnsw-low,scrambled-v2,757,0.3154166666666667,15.323844787429799,0.13505782270378316,1.2449242116832346,1.1452063165146555,0.4325,0.0,0.38655639192065083,1.0,,0,0,0,0.032916,128,False,,True,unavailable,,,(),(),,,,
policy-scrambled,40,role-2,hnsw-high,scrambled-v2,757,0.3154166666666667,15.323844787429799,0.13505782270378316,1.2449242116832346,1.1452063165146555,0.4325,0.0,0.38655639192065083,1.0,,0,0,0,0.088917,512,False,,True,unavailable,,,(),(),,,,
policy-scrambled,40,role-2,exact-authorized,scrambled-v2,757,0.3154166666666667,15.323844787429799,0.13505782270378316,1.2449242116832346,1.1452063165146555,0.4325,0.0,0.38655639192065083,1.0,,0,0,0,0.04125,757,True,,True,unavailable,,,(),(),,,,
policy-scrambled,40,role-2,unsafe-unfiltered,scrambled-v2,757,0.3154166666666667,15.323844787429799,0.13505782270378316,1.2449242116832346,1.1452063165146555,0.4325,0.0,0.38655639192065083,0.2,,8,8,0,0.040334,10,False,,False,unavailable,,,(),(),,,,
policy-scrambled,41,role-2,hnsw-low,scrambled-v2,757,0.3154166666666667,9.856423116798467,0.2367527756715892,1.4665546878410176,1.2360258568802855,0.4325,0.0,0.3835459979094412,1.0,,0,0,0,0.029083,128,False,,True,unavailable,,,(),(),,,,
policy-scrambled,41,role-2,hnsw-high,scrambled-v2,757,0.3154166666666667,9.856423116798467,0.2367527756715892,1.4665546878410176,1.2360258568802855,0.4325,0.0,0.3835459979094412,1.0,,0,0,0,0.082084,512,False,,True,unavailable,,,(),(),,,,
policy-scrambled,41,role-2,exact-authorized,scrambled-v2,757,0.3154166666666667,9.856423116798467,0.2367527756715892,1.4665546878410176,1.2360258568802855,0.4325,0.0,0.3835459979094412,1.0,,0,0,0,0.036125,757,True,,True,unavailable,,,(),(),,,,
policy-scrambled,41,role-2,unsafe-unfiltered,scrambled-v2,757,0.3154166666666667,9.856423116798467,0.2367527756715892,1.4665546878410176,1.2360258568802855,0.4325,0.0,0.3835459979094412,0.4,,6,6,0,0.037542,10,False,,False,unavailable,,,(),(),,,,
policy-scrambled,42,role-2,hnsw-low,scrambled-v2,757,0.3154166666666667,14.364197707179613,0.26263169494352256,1.3213738366301304,1.198363718421833,0.4325,0.0,0.41888623606800846,1.0,,0,0,0,0.028958,128,False,,True,unavailable,,,(),(),,,,
policy-scrambled,42,role-2,hnsw-high,scrambled-v2,757,0.3154166666666667,14.364197707179613,0.26263169494352256,1.3213738366301304,1.198363718421833,0.4325,0.0,0.41888623606800846,1.0,,0,0,0,0.085291,512,False,,True,unavailable,,,(),(),,,,
policy-scrambled,42,role-2,exact-authorized,scrambled-v2,757,0.3154166666666667,14.364197707179613,0.26263169494352256,1.3213738366301304,1.198363718421833,0.4325,0.0,0.41888623606800846,1.0,,0,0,0,0.036,757,True,,True,unavailable,,,(),(),,,,
policy-scrambled,42,role-2,unsafe-unfiltered,scrambled-v2,757,0.3154166666666667,14.364197707179613,0.26263169494352256,1.3213738366301304,1.198363718421833,0.4325,0.0,0.41888623606800846,0.1,,9,9,0,0.036042,10,False,,False,unavailable,,,(),(),,,,
policy-scrambled,43,role-2,hnsw-low,scrambled-v2,757,0.3154166666666667,12.424013795715199,0.28619183287708383,1.4241202978628293,1.221275943672281,0.4325,0.0,0.41293343933370297,1.0,,0,0,0,0.029375,128,False,,True,unavailable,,,(),(),,,,
policy-scrambled,43,role-2,hnsw-high,scrambled-v2,757,0.3154166666666667,12.424013795715199,0.28619183287708383,1.4241202978628293,1.221275943672281,0.4325,0.0,0.41293343933370297,1.0,,0,0,0,0.082125,512,False,,True,unavailable,,,(),(),,,,
policy-scrambled,43,role-2,exact-authorized,scrambled-v2,757,0.3154166666666667,12.424013795715199,0.28619183287708383,1.4241202978628293,1.221275943672281,0.4325,0.0,0.41293343933370297,1.0,,0,0,0,0.034292,757,True,,True,unavailable,,,(),(),,,,
policy-scrambled,43,role-2,unsafe-unfiltered,scrambled-v2,757,0.3154166666666667,12.424013795715199,0.28619183287708383,1.4241202978628293,1.221275943672281,0.4325,0.0,0.41293343933370297,0.3,,7,7,0,0.036458,10,False,,False,unavailable,,,(),(),,,,
policy-scrambled,44,role-2,hnsw-low,scrambled-v2,757,0.3154166666666667,10.971674017493848,0.279143896206896,1.2991474089997974,1.216892466439337,0.4325,0.0,0.4101235163776171,1.0,,0,0,0,0.02775,128,False,,True,unavailable,,,(),(),,,,
policy-scrambled,44,role-2,hnsw-high,scrambled-v2,757,0.3154166666666667,10.971674017493848,0.279143896206896,1.2991474089997974,1.216892466439337,0.4325,0.0,0.4101235163776171,1.0,,0,0,0,0.089,512,False,,True,unavailable,,,(),(),,,,
policy-scrambled,44,role-2,exact-authorized,scrambled-v2,757,0.3154166666666667,10.971674017493848,0.279143896206896,1.2991474089997974,1.216892466439337,0.4325,0.0,0.4101235163776171,1.0,,0,0,0,0.037584,757,True,,True,unavailable,,,(),(),,,,
policy-scrambled,44,role-2,unsafe-unfiltered,scrambled-v2,757,0.3154166666666667,10.971674017493848,0.279143896206896,1.2991474089997974,1.216892466439337,0.4325,0.0,0.4101235163776171,0.2,,8,8,0,0.035541,10,False,,False,unavailable,,,(),(),,,,
policy-scrambled,45,role-2,hnsw-low,scrambled-v2,757,0.3154166666666667,9.62128361637385,0.07631556234282925,1.527020622305578,1.2037357826945403,0.4325,0.0,0.3297709116232093,1.0,,0,0,0,0.028458,128,False,,True,unavailable,,,(),(),,,,
policy-scrambled,45,role-2,hnsw-high,scrambled-v2,757,0.3154166666666667,9.62128361637385,0.07631556234282925,1.527020622305578,1.2037357826945403,0.4325,0.0,0.3297709116232093,1.0,,0,0,0,0.086583,512,True,,True,unavailable,,,(),(),,,,
policy-scrambled,45,role-2,exact-authorized,scrambled-v2,757,0.3154166666666667,9.62128361637385,0.07631556234282925,1.527020622305578,1.2037357826945403,0.4325,0.0,0.3297709116232093,1.0,,0,0,0,0.035542,757,False,,True,unavailable,,,(),(),,,,
policy-scrambled,45,role-2,unsafe-unfiltered,scrambled-v2,757,0.3154166666666667,9.62128361637385,0.07631556234282925,1.527020622305578,1.2037357826945403,0.4325,0.0,0.3297709116232093,0.4,,6,6,0,0.034667,10,False,,False,unavailable,,,(),(),,,,
policy-scrambled,46,role-2,hnsw-low,scrambled-v2,757,0.3154166666666667,12.43225324451771,0.2298085211239753,1.3501930887624245,1.20449471831406,0.4325,0.0,0.39906325468647963,1.0,,0,0,0,0.028166,128,False,,True,unavailable,,,(),(),,,,
policy-scrambled,46,role-2,hnsw-high,scrambled-v2,757,0.3154166666666667,12.43225324451771,0.2298085211239753,1.3501930887624245,1.20449471831406,0.4325,0.0,0.39906325468647963,1.0,,0,0,0,0.085167,512,False,,True,unavailable,,,(),(),,,,
policy-scrambled,46,role-2,exact-authorized,scrambled-v2,757,0.3154166666666667,12.43225324451771,0.2298085211239753,1.3501930887624245,1.20449471831406,0.4325,0.0,0.39906325468647963,1.0,,0,0,0,0.033583,757,True,,True,unavailable,,,(),(),,,,
policy-scrambled,46,role-2,unsafe-unfiltered,scrambled-v2,757,0.3154166666666667,12.43225324451771,0.2298085211239753,1.3501930887624245,1.20449471831406,0.4325,0.0,0.39906325468647963,0.0,,10,10,0,0.033542,10,False,,False,unavailable,,,(),(),,,,
policy-scrambled,47,role-2,hnsw-low,scrambled-v2,757,0.3154166666666667,14.683861421534388,0.20447547351484882,1.427089536705813,1.1758162649070079,0.4325,0.0,0.3960468775342359,1.0,,0,0,0,0.028333,128,False,,True,unavailable,,,(),(),,,,
policy-scrambled,47,role-2,hnsw-high,scrambled-v2,757,0.3154166666666667,14.683861421534388,0.20447547351484882,1.427089536705813,1.1758162649070079,0.4325,0.0,0.3960468775342359,1.0,,0,0,0,0.080041,512,False,,True,unavailable,,,(),(),,,,
policy-scrambled,47,role-2,exact-authorized,scrambled-v2,757,0.3154166666666667,14.683861421534388,0.20447547351484882,1.427089536705813,1.1758162649070079,0.4325,0.0,0.3960468775342359,1.0,,0,0,0,0.03475,757,True,,True,unavailable,,,(),(),,,,
policy-scrambled,47,role-2,unsafe-unfiltered,scrambled-v2,757,0.3154166666666667,14.683861421534388,0.20447547351484882,1.427089536705813,1.1758162649070079,0.4325,0.0,0.3960468775342359,0.4,,6,6,0,0.037041,10,False,,False,unavailable,,,(),(),,,,
policy-scrambled,48,role-2,hnsw-low,scrambled-v2,757,0.3154166666666667,7.593431496594719,0.159418348359166,15.402317118625918,1.1847030108867005,0.4325,0.0,0.2823506401167663,1.0,,0,0,0,0.028042,128,False,,True,unavailable,,,(),(),,,,
policy-scrambled,48,role-2,hnsw-high,scrambled-v2,757,0.3154166666666667,7.593431496594719,0.159418348359166,15.402317118625918,1.1847030108867005,0.4325,0.0,0.2823506401167663,1.0,,0,0,0,0.084458,512,True,,True,unavailable,,,(),(),,,,
policy-scrambled,48,role-2,exact-authorized,scrambled-v2,757,0.3154166666666667,7.593431496594719,0.159418348359166,15.402317118625918,1.1847030108867005,0.4325,0.0,0.2823506401167663,1.0,,0,0,0,0.033792,757,False,,True,unavailable,,,(),(),,,,
policy-scrambled,48,role-2,unsafe-unfiltered,scrambled-v2,757,0.3154166666666667,7.593431496594719,0.159418348359166,15.402317118625918,1.1847030108867005,0.4325,0.0,0.2823506401167663,0.2,,8,8,0,0.035041,10,False,,False,unavailable,,,(),(),,,,
policy-scrambled,49,role-2,hnsw-low,scrambled-v2,757,0.3154166666666667,13.482690424697063,0.2031417473651926,1.3466910398417,1.1720112507172586,0.4325,0.0,0.3944682773618562,1.0,,0,0,0,0.027792,128,False,,True,unavailable,,,(),(),,,,
policy-scrambled,49,role-2,hnsw-high,scrambled-v2,757,0.3154166666666667,13.482690424697063,0.2031417473651926,1.3466910398417,1.1720112507172586,0.4325,0.0,0.3944682773618562,1.0,,0,0,0,0.085833,512,False,,True,unavailable,,,(),(),,,,
policy-scrambled,49,role-2,exact-authorized,scrambled-v2,757,0.3154166666666667,13.482690424697063,0.2031417473651926,1.3466910398417,1.1720112507172586,0.4325,0.0,0.3944682773618562,1.0,,0,0,0,0.036208,757,True,,True,unavailable,,,(),(),,,,
policy-scrambled,49,role-2,unsafe-unfiltered,scrambled-v2,757,0.3154166666666667,13.482690424697063,0.2031417473651926,1.3466910398417,1.1720112507172586,0.4325,0.0,0.3944682773618562,0.2,,8,8,0,0.035958,10,False,,False,unavailable,,,(),(),,,,
policy-scrambled,50,role-2,hnsw-low,scrambled-v2,757,0.3154166666666667,14.0351427088211,0.21800570627875504,1.2136474170704308,1.1799652980243325,0.4325,0.0,0.40988925094851136,1.0,,0,0,0,0.028292,128,False,,True,unavailable,,,(),(),,,,
policy-scrambled,50,role-2,hnsw-high,scrambled-v2,757,0.3154166666666667,14.0351427088211,0.21800570627875504,1.2136474170704308,1.1799652980243325,0.4325,0.0,0.40988925094851136,1.0,,0,0,0,0.081375,512,False,,True,unavailable,,,(),(),,,,
policy-scrambled,50,role-2,exact-authorized,scrambled-v2,757,0.3154166666666667,14.0351427088211,0.21800570627875504,1.2136474170704308,1.1799652980243325,0.4325,0.0,0.40988925094851136,1.0,,0,0,0,0.035375,757,True,,True,unavailable,,,(),(),,,,
policy-scrambled,50,role-2,unsafe-unfiltered,scrambled-v2,757,0.3154166666666667,14.0351427088211,0.21800570627875504,1.2136474170704308,1.1799652980243325,0.4325,0.0,0.40988925094851136,0.1,,9,9,0,0.036209,10,False,,False,unavailable,,,(),(),,,,
policy-scrambled,51,role-2,hnsw-low,scrambled-v2,757,0.3154166666666667,11.764932764075398,0.0763032387242947,1.324581447887124,1.1709269711632397,0.4325,0.0,0.3495265833334238,1.0,,0,0,0,0.028083,128,False,,True,unavailable,,,(),(),,,,
policy-scrambled,51,role-2,hnsw-high,scrambled-v2,757,0.3154166666666667,11.764932764075398,0.0763032387242947,1.324581447887124,1.1709269711632397,0.4325,0.0,0.3495265833334238,1.0,,0,0,0,0.0825,512,True,,True,unavailable,,,(),(),,,,
policy-scrambled,51,role-2,exact-authorized,scrambled-v2,757,0.3154166666666667,11.764932764075398,0.0763032387242947,1.324581447887124,1.1709269711632397,0.4325,0.0,0.3495265833334238,1.0,,0,0,0,0.038417,757,False,,True,unavailable,,,(),(),,,,
policy-scrambled,51,role-2,unsafe-unfiltered,scrambled-v2,757,0.3154166666666667,11.764932764075398,0.0763032387242947,1.324581447887124,1.1709269711632397,0.4325,0.0,0.3495265833334238,0.5,,5,5,0,0.03425,10,False,,False,unavailable,,,(),(),,,,
policy-scrambled,52,role-2,hnsw-low,scrambled-v2,757,0.3154166666666667,7.852201581382789,0.13388634520158355,11.202749953098916,1.229596445918888,0.4325,0.0,0.28105308316218347,1.0,,0,0,0,0.028167,128,False,,True,unavailable,,,(),(),,,,
policy-scrambled,52,role-2,hnsw-high,scrambled-v2,757,0.3154166666666667,7.852201581382789,0.13388634520158355,11.202749953098916,1.229596445918888,0.4325,0.0,0.28105308316218347,1.0,,0,0,0,0.081584,512,True,,True,unavailable,,,(),(),,,,
policy-scrambled,52,role-2,exact-authorized,scrambled-v2,757,0.3154166666666667,7.852201581382789,0.13388634520158355,11.202749953098916,1.229596445918888,0.4325,0.0,0.28105308316218347,1.0,,0,0,0,0.034916,757,False,,True,unavailable,,,(),(),,,,
policy-scrambled,52,role-2,unsafe-unfiltered,scrambled-v2,757,0.3154166666666667,7.852201581382789,0.13388634520158355,11.202749953098916,1.229596445918888,0.4325,0.0,0.28105308316218347,0.3,,7,7,0,0.035625,10,False,,False,unavailable,,,(),(),,,,
policy-scrambled,53,role-2,hnsw-low,scrambled-v2,757,0.3154166666666667,6.778579453688777,0.12800376273154607,12.577489766248991,1.2368399299465138,0.4325,0.0,0.27147743564496807,1.0,,0,0,0,0.028125,128,False,,True,unavailable,,,(),(),,,,
policy-scrambled,53,role-2,hnsw-high,scrambled-v2,757,0.3154166666666667,6.778579453688777,0.12800376273154607,12.577489766248991,1.2368399299465138,0.4325,0.0,0.27147743564496807,1.0,,0,0,0,0.085833,512,True,,True,unavailable,,,(),(),,,,
policy-scrambled,53,role-2,exact-authorized,scrambled-v2,757,0.3154166666666667,6.778579453688777,0.12800376273154607,12.577489766248991,1.2368399299465138,0.4325,0.0,0.27147743564496807,1.0,,0,0,0,0.037333,757,False,,True,unavailable,,,(),(),,,,
policy-scrambled,53,role-2,unsafe-unfiltered,scrambled-v2,757,0.3154166666666667,6.778579453688777,0.12800376273154607,12.577489766248991,1.2368399299465138,0.4325,0.0,0.27147743564496807,0.4,,6,6,0,0.0355,10,False,,False,unavailable,,,(),(),,,,
policy-scrambled,54,role-2,hnsw-low,scrambled-v2,757,0.3154166666666667,10.715371573050142,0.2632374075072171,1.2689172981292842,1.19469022706166,0.4325,0.0,0.4047281333621272,1.0,,0,0,0,0.028,128,False,,True,unavailable,,,(),(),,,,
policy-scrambled,54,role-2,hnsw-high,scrambled-v2,757,0.3154166666666667,10.715371573050142,0.2632374075072171,1.2689172981292842,1.19469022706166,0.4325,0.0,0.4047281333621272,1.0,,0,0,0,0.087541,512,False,,True,unavailable,,,(),(),,,,
policy-scrambled,54,role-2,exact-authorized,scrambled-v2,757,0.3154166666666667,10.715371573050142,0.2632374075072171,1.2689172981292842,1.19469022706166,0.4325,0.0,0.4047281333621272,1.0,,0,0,0,0.033666,757,True,,True,unavailable,,,(),(),,,,
policy-scrambled,54,role-2,unsafe-unfiltered,scrambled-v2,757,0.3154166666666667,10.715371573050142,0.2632374075072171,1.2689172981292842,1.19469022706166,0.4325,0.0,0.4047281333621272,0.2,,8,8,0,0.036,10,False,,False,unavailable,,,(),(),,,,
policy-scrambled,55,role-2,hnsw-low,scrambled-v2,757,0.3154166666666667,10.133379061209638,0.26361706535499346,1.3596171658669027,1.2152533862912973,0.4325,0.0,0.39746895298643126,1.0,,0,0,0,0.027667,128,False,,True,unavailable,,,(),(),,,,
policy-scrambled,55,role-2,hnsw-high,scrambled-v2,757,0.3154166666666667,10.133379061209638,0.26361706535499346,1.3596171658669027,1.2152533862912973,0.4325,0.0,0.39746895298643126,1.0,,0,0,0,0.087458,512,False,,True,unavailable,,,(),(),,,,
policy-scrambled,55,role-2,exact-authorized,scrambled-v2,757,0.3154166666666667,10.133379061209638,0.26361706535499346,1.3596171658669027,1.2152533862912973,0.4325,0.0,0.39746895298643126,1.0,,0,0,0,0.034333,757,True,,True,unavailable,,,(),(),,,,
policy-scrambled,55,role-2,unsafe-unfiltered,scrambled-v2,757,0.3154166666666667,10.133379061209638,0.26361706535499346,1.3596171658669027,1.2152533862912973,0.4325,0.0,0.39746895298643126,0.1,,9,9,0,0.034209,10,False,,False,unavailable,,,(),(),,,,
policy-scrambled,56,role-2,hnsw-low,scrambled-v2,757,0.3154166666666667,6.983560503786348,0.1926862377079475,15.190687220561406,1.218534327209959,0.4325,0.0,0.29001756069496754,1.0,,0,0,0,0.028666,128,False,,True,unavailable,,,(),(),,,,
policy-scrambled,56,role-2,hnsw-high,scrambled-v2,757,0.3154166666666667,6.983560503786348,0.1926862377079475,15.190687220561406,1.218534327209959,0.4325,0.0,0.29001756069496754,1.0,,0,0,0,0.084417,512,True,,True,unavailable,,,(),(),,,,
policy-scrambled,56,role-2,exact-authorized,scrambled-v2,757,0.3154166666666667,6.983560503786348,0.1926862377079475,15.190687220561406,1.218534327209959,0.4325,0.0,0.29001756069496754,1.0,,0,0,0,0.036084,757,False,,True,unavailable,,,(),(),,,,
policy-scrambled,56,role-2,unsafe-unfiltered,scrambled-v2,757,0.3154166666666667,6.983560503786348,0.1926862377079475,15.190687220561406,1.218534327209959,0.4325,0.0,0.29001756069496754,0.4,,6,6,0,0.034833,10,False,,False,unavailable,,,(),(),,,,
policy-scrambled,57,role-2,hnsw-low,scrambled-v2,757,0.3154166666666667,16.649261821304805,0.21560800787286058,1.2924267565865915,1.159454727771546,0.4325,0.0,0.41360056657598,1.0,,0,0,0,0.027291,128,False,,True,unavailable,,,(),(),,,,
policy-scrambled,57,role-2,hnsw-high,scrambled-v2,757,0.3154166666666667,16.649261821304805,0.21560800787286058,1.2924267565865915,1.159454727771546,0.4325,0.0,0.41360056657598,1.0,,0,0,0,0.082791,512,False,,True,unavailable,,,(),(),,,,
policy-scrambled,57,role-2,exact-authorized,scrambled-v2,757,0.3154166666666667,16.649261821304805,0.21560800787286058,1.2924267565865915,1.159454727771546,0.4325,0.0,0.41360056657598,1.0,,0,0,0,0.034458,757,True,,True,unavailable,,,(),(),,,,
policy-scrambled,57,role-2,unsafe-unfiltered,scrambled-v2,757,0.3154166666666667,16.649261821304805,0.21560800787286058,1.2924267565865915,1.159454727771546,0.4325,0.0,0.41360056657598,0.2,,8,8,0,0.036166,10,False,,False,unavailable,,,(),(),,,,
policy-scrambled,58,role-2,hnsw-low,scrambled-v2,757,0.3154166666666667,7.183066440590907,0.18632529511903498,16.926923498658073,1.1837552909741156,0.4325,0.0,0.28705505978834067,1.0,,0,0,0,0.02775,128,False,,True,unavailable,,,(),(),,,,
policy-scrambled,58,role-2,hnsw-high,scrambled-v2,757,0.3154166666666667,7.183066440590907,0.18632529511903498,16.926923498658073,1.1837552909741156,0.4325,0.0,0.28705505978834067,1.0,,0,0,0,0.084,512,True,,True,unavailable,,,(),(),,,,
policy-scrambled,58,role-2,exact-authorized,scrambled-v2,757,0.3154166666666667,7.183066440590907,0.18632529511903498,16.926923498658073,1.1837552909741156,0.4325,0.0,0.28705505978834067,1.0,,0,0,0,0.035833,757,False,,True,unavailable,,,(),(),,,,
policy-scrambled,58,role-2,unsafe-unfiltered,scrambled-v2,757,0.3154166666666667,7.183066440590907,0.18632529511903498,16.926923498658073,1.1837552909741156,0.4325,0.0,0.28705505978834067,0.4,,6,6,0,0.03475,10,False,,False,unavailable,,,(),(),,,,
policy-scrambled,59,role-2,hnsw-low,scrambled-v2,757,0.3154166666666667,10.104799191552399,0.09656167356566556,1.5959048765814106,1.201276293828578,0.4325,0.0,0.3356062172744049,0.9,,0,0,0,0.028083,128,False,,True,unavailable,,,(),(),,,,
policy-scrambled,59,role-2,hnsw-high,scrambled-v2,757,0.3154166666666667,10.104799191552399,0.09656167356566556,1.5959048765814106,1.201276293828578,0.4325,0.0,0.3356062172744049,1.0,,0,0,0,0.085708,512,True,,True,unavailable,,,(),(),,,,
policy-scrambled,59,role-2,exact-authorized,scrambled-v2,757,0.3154166666666667,10.104799191552399,0.09656167356566556,1.5959048765814106,1.201276293828578,0.4325,0.0,0.3356062172744049,1.0,,0,0,0,0.033458,757,False,,True,unavailable,,,(),(),,,,
policy-scrambled,59,role-2,unsafe-unfiltered,scrambled-v2,757,0.3154166666666667,10.104799191552399,0.09656167356566556,1.5959048765814106,1.201276293828578,0.4325,0.0,0.3356062172744049,0.2,,8,8,0,0.034041,10,False,,False,unavailable,,,(),(),,,,
policy-scrambled,60,role-3,hnsw-low,scrambled-v2,758,0.31583333333333335,8.247959937766126,0.16057788585580277,12.420165158068919,1.2089902776002583,0.4275,0.0,0.28967036965227566,1.0,,0,0,0,0.033584,128,False,,True,unavailable,,,(),(),,,,
policy-scrambled,60,role-3,hnsw-high,scrambled-v2,758,0.31583333333333335,8.247959937766126,0.16057788585580277,12.420165158068919,1.2089902776002583,0.4275,0.0,0.28967036965227566,1.0,,0,0,0,0.08425,512,True,,True,unavailable,,,(),(),,,,
policy-scrambled,60,role-3,exact-authorized,scrambled-v2,758,0.31583333333333335,8.247959937766126,0.16057788585580277,12.420165158068919,1.2089902776002583,0.4275,0.0,0.28967036965227566,1.0,,0,0,0,0.036166,758,False,,True,unavailable,,,(),(),,,,
policy-scrambled,60,role-3,unsafe-unfiltered,scrambled-v2,758,0.31583333333333335,8.247959937766126,0.16057788585580277,12.420165158068919,1.2089902776002583,0.4275,0.0,0.28967036965227566,0.5,,5,5,0,0.035792,10,False,,False,unavailable,,,(),(),,,,
policy-scrambled,61,role-3,hnsw-low,scrambled-v2,758,0.31583333333333335,11.944508748037393,0.3466163176280431,1.2629321386321948,1.1890501175443668,0.4275,0.0,0.4360967952561905,1.0,,0,0,0,0.029042,128,False,,True,unavailable,,,(),(),,,,
policy-scrambled,61,role-3,hnsw-high,scrambled-v2,758,0.31583333333333335,11.944508748037393,0.3466163176280431,1.2629321386321948,1.1890501175443668,0.4275,0.0,0.4360967952561905,1.0,,0,0,0,0.086375,512,False,,True,unavailable,,,(),(),,,,
policy-scrambled,61,role-3,exact-authorized,scrambled-v2,758,0.31583333333333335,11.944508748037393,0.3466163176280431,1.2629321386321948,1.1890501175443668,0.4275,0.0,0.4360967952561905,1.0,,0,0,0,0.037208,758,True,,True,unavailable,,,(),(),,,,
policy-scrambled,61,role-3,unsafe-unfiltered,scrambled-v2,758,0.31583333333333335,11.944508748037393,0.3466163176280431,1.2629321386321948,1.1890501175443668,0.4275,0.0,0.4360967952561905,0.1,,9,9,0,0.037667,10,False,,False,unavailable,,,(),(),,,,
policy-scrambled,62,role-3,hnsw-low,scrambled-v2,758,0.31583333333333335,12.706101363392124,0.2669609274439999,1.2720385846683253,1.2106531051160772,0.4275,0.0,0.41635822690120805,1.0,,0,0,0,0.028542,128,False,,True,unavailable,,,(),(),,,,
policy-scrambled,62,role-3,hnsw-high,scrambled-v2,758,0.31583333333333335,12.706101363392124,0.2669609274439999,1.2720385846683253,1.2106531051160772,0.4275,0.0,0.41635822690120805,1.0,,0,0,0,0.079209,512,False,,True,unavailable,,,(),(),,,,
policy-scrambled,62,role-3,exact-authorized,scrambled-v2,758,0.31583333333333335,12.706101363392124,0.2669609274439999,1.2720385846683253,1.2106531051160772,0.4275,0.0,0.41635822690120805,1.0,,0,0,0,0.037083,758,True,,True,unavailable,,,(),(),,,,
policy-scrambled,62,role-3,unsafe-unfiltered,scrambled-v2,758,0.31583333333333335,12.706101363392124,0.2669609274439999,1.2720385846683253,1.2106531051160772,0.4275,0.0,0.41635822690120805,0.3,,7,7,0,0.03525,10,False,,False,unavailable,,,(),(),,,,
policy-scrambled,63,role-3,hnsw-low,scrambled-v2,758,0.31583333333333335,11.037113017976548,0.12273668703837434,1.306318603162567,1.2050067476732136,0.4275,0.0,0.362524889373374,1.0,,0,0,0,0.028667,128,False,,True,unavailable,,,(),(),,,,
policy-scrambled,63,role-3,hnsw-high,scrambled-v2,758,0.31583333333333335,11.037113017976548,0.12273668703837434,1.306318603162567,1.2050067476732136,0.4275,0.0,0.362524889373374,1.0,,0,0,0,0.077917,512,False,,True,unavailable,,,(),(),,,,
policy-scrambled,63,role-3,exact-authorized,scrambled-v2,758,0.31583333333333335,11.037113017976548,0.12273668703837434,1.306318603162567,1.2050067476732136,0.4275,0.0,0.362524889373374,1.0,,0,0,0,0.032458,758,True,,True,unavailable,,,(),(),,,,
policy-scrambled,63,role-3,unsafe-unfiltered,scrambled-v2,758,0.31583333333333335,11.037113017976548,0.12273668703837434,1.306318603162567,1.2050067476732136,0.4275,0.0,0.362524889373374,0.6,,4,4,0,0.033875,10,False,,False,unavailable,,,(),(),,,,
policy-scrambled,64,role-3,hnsw-low,scrambled-v2,758,0.31583333333333335,7.274477425109193,0.20371607486949908,15.11085533935982,1.185256601583779,0.4275,0.0,0.2936738424364954,1.0,,0,0,0,0.029792,128,False,,True,unavailable,,,(),(),,,,
policy-scrambled,64,role-3,hnsw-high,scrambled-v2,758,0.31583333333333335,7.274477425109193,0.20371607486949908,15.11085533935982,1.185256601583779,0.4275,0.0,0.2936738424364954,1.0,,0,0,0,0.081917,512,True,,True,unavailable,,,(),(),,,,
policy-scrambled,64,role-3,exact-authorized,scrambled-v2,758,0.31583333333333335,7.274477425109193,0.20371607486949908,15.11085533935982,1.185256601583779,0.4275,0.0,0.2936738424364954,1.0,,0,0,0,0.037834,758,False,,True,unavailable,,,(),(),,,,
policy-scrambled,64,role-3,unsafe-unfiltered,scrambled-v2,758,0.31583333333333335,7.274477425109193,0.20371607486949908,15.11085533935982,1.185256601583779,0.4275,0.0,0.2936738424364954,0.3,,7,7,0,0.036083,10,False,,False,unavailable,,,(),(),,,,
policy-scrambled,65,role-3,hnsw-low,scrambled-v2,758,0.31583333333333335,12.001068128643618,0.11731832105582905,1.3539672624925265,1.1840734545205847,0.4275,0.0,0.36201141380517854,1.0,,0,0,0,0.028333,128,False,,True,unavailable,,,(),(),,,,
policy-scrambled,65,role-3,hnsw-high,scrambled-v2,758,0.31583333333333335,12.001068128643618,0.11731832105582905,1.3539672624925265,1.1840734545205847,0.4275,0.0,0.36201141380517854,1.0,,0,0,0,0.078834,512,False,,True,unavailable,,,(),(),,,,
policy-scrambled,65,role-3,exact-authorized,scrambled-v2,758,0.31583333333333335,12.001068128643618,0.11731832105582905,1.3539672624925265,1.1840734545205847,0.4275,0.0,0.36201141380517854,1.0,,0,0,0,0.034542,758,True,,True,unavailable,,,(),(),,,,
policy-scrambled,65,role-3,unsafe-unfiltered,scrambled-v2,758,0.31583333333333335,12.001068128643618,0.11731832105582905,1.3539672624925265,1.1840734545205847,0.4275,0.0,0.36201141380517854,0.4,,6,6,0,0.0365,10,False,,False,unavailable,,,(),(),,,,
policy-scrambled,66,role-3,hnsw-low,scrambled-v2,758,0.31583333333333335,7.614559724641377,0.18467569085527852,12.22555260285988,1.200887545577377,0.4275,0.0,0.2925627695697638,1.0,,0,0,0,0.028667,128,False,,True,unavailable,,,(),(),,,,
policy-scrambled,66,role-3,hnsw-high,scrambled-v2,758,0.31583333333333335,7.614559724641377,0.18467569085527852,12.22555260285988,1.200887545577377,0.4275,0.0,0.2925627695697638,1.0,,0,0,0,0.083,512,True,,True,unavailable,,,(),(),,,,
policy-scrambled,66,role-3,exact-authorized,scrambled-v2,758,0.31583333333333335,7.614559724641377,0.18467569085527852,12.22555260285988,1.200887545577377,0.4275,0.0,0.2925627695697638,1.0,,0,0,0,0.037959,758,False,,True,unavailable,,,(),(),,,,
policy-scrambled,66,role-3,unsafe-unfiltered,scrambled-v2,758,0.31583333333333335,7.614559724641377,0.18467569085527852,12.22555260285988,1.200887545577377,0.4275,0.0,0.2925627695697638,0.6,,4,4,0,0.035125,10,False,,False,unavailable,,,(),(),,,,
policy-scrambled,67,role-3,hnsw-low,scrambled-v2,758,0.31583333333333335,13.487185468213209,0.1545878703462102,1.5003599864511765,1.1762847792595768,0.4275,0.0,0.37253042494804783,1.0,,0,0,0,0.028541,128,False,,True,unavailable,,,(),(),,,,
policy-scrambled,67,role-3,hnsw-high,scrambled-v2,758,0.31583333333333335,13.487185468213209,0.1545878703462102,1.5003599864511765,1.1762847792595768,0.4275,0.0,0.37253042494804783,1.0,,0,0,0,0.079875,512,False,,True,unavailable,,,(),(),,,,
policy-scrambled,67,role-3,exact-authorized,scrambled-v2,758,0.31583333333333335,13.487185468213209,0.1545878703462102,1.5003599864511765,1.1762847792595768,0.4275,0.0,0.37253042494804783,1.0,,0,0,0,0.034959,758,True,,True,unavailable,,,(),(),,,,
policy-scrambled,67,role-3,unsafe-unfiltered,scrambled-v2,758,0.31583333333333335,13.487185468213209,0.1545878703462102,1.5003599864511765,1.1762847792595768,0.4275,0.0,0.37253042494804783,0.3,,7,7,0,0.039333,10,False,,False,unavailable,,,(),(),,,,
policy-scrambled,68,role-3,hnsw-low,scrambled-v2,758,0.31583333333333335,10.797732966606508,0.21283969667498936,1.3460893017451638,1.2168020513503837,0.4275,0.0,0.38663167574642765,1.0,,0,0,0,0.031583,128,False,,True,unavailable,,,(),(),,,,
policy-scrambled,68,role-3,hnsw-high,scrambled-v2,758,0.31583333333333335,10.797732966606508,0.21283969667498936,1.3460893017451638,1.2168020513503837,0.4275,0.0,0.38663167574642765,1.0,,0,0,0,0.08925,512,False,,True,unavailable,,,(),(),,,,
policy-scrambled,68,role-3,exact-authorized,scrambled-v2,758,0.31583333333333335,10.797732966606508,0.21283969667498936,1.3460893017451638,1.2168020513503837,0.4275,0.0,0.38663167574642765,1.0,,0,0,0,0.039417,758,True,,True,unavailable,,,(),(),,,,
policy-scrambled,68,role-3,unsafe-unfiltered,scrambled-v2,758,0.31583333333333335,10.797732966606508,0.21283969667498936,1.3460893017451638,1.2168020513503837,0.4275,0.0,0.38663167574642765,0.5,,5,5,0,0.03575,10,False,,False,unavailable,,,(),(),,,,
policy-scrambled,69,role-3,hnsw-low,scrambled-v2,758,0.31583333333333335,7.1342744431169836,0.12348528754815824,10.762130748408252,1.211368465193739,0.4275,0.0,0.27263705682615386,1.0,,0,0,0,0.031666,128,False,,True,unavailable,,,(),(),,,,
policy-scrambled,69,role-3,hnsw-high,scrambled-v2,758,0.31583333333333335,7.1342744431169836,0.12348528754815824,10.762130748408252,1.211368465193739,0.4275,0.0,0.27263705682615386,1.0,,0,0,0,0.08875,512,True,,True,unavailable,,,(),(),,,,
policy-scrambled,69,role-3,exact-authorized,scrambled-v2,758,0.31583333333333335,7.1342744431169836,0.12348528754815824,10.762130748408252,1.211368465193739,0.4275,0.0,0.27263705682615386,1.0,,0,0,0,0.038,758,False,,True,unavailable,,,(),(),,,,
policy-scrambled,69,role-3,unsafe-unfiltered,scrambled-v2,758,0.31583333333333335,7.1342744431169836,0.12348528754815824,10.762130748408252,1.211368465193739,0.4275,0.0,0.27263705682615386,0.6,,4,4,0,0.038667,10,False,,False,unavailable,,,(),(),,,,
policy-scrambled,70,role-3,hnsw-low,scrambled-v2,758,0.31583333333333335,12.492164712681326,0.10857186468911195,1.444538345558477,1.169479615173738,0.4275,0.0,0.3563885561951138,1.0,,0,0,0,0.031833,128,False,,True,unavailable,,,(),(),,,,
policy-scrambled,70,role-3,hnsw-high,scrambled-v2,758,0.31583333333333335,12.492164712681326,0.10857186468911195,1.444538345558477,1.169479615173738,0.4275,0.0,0.3563885561951138,1.0,,0,0,0,0.090375,512,True,,True,unavailable,,,(),(),,,,
policy-scrambled,70,role-3,exact-authorized,scrambled-v2,758,0.31583333333333335,12.492164712681326,0.10857186468911195,1.444538345558477,1.169479615173738,0.4275,0.0,0.3563885561951138,1.0,,0,0,0,0.042166,758,False,,True,unavailable,,,(),(),,,,
policy-scrambled,70,role-3,unsafe-unfiltered,scrambled-v2,758,0.31583333333333335,12.492164712681326,0.10857186468911195,1.444538345558477,1.169479615173738,0.4275,0.0,0.3563885561951138,0.4,,6,6,0,0.043667,10,False,,False,unavailable,,,(),(),,,,
policy-scrambled,71,role-3,hnsw-low,scrambled-v2,758,0.31583333333333335,8.283291162097365,0.2390987326499622,16.38382173614377,1.1524771786548302,0.4275,0.0,0.30867423971948416,1.0,,0,0,0,0.032333,128,False,,True,unavailable,,,(),(),,,,
policy-scrambled,71,role-3,hnsw-high,scrambled-v2,758,0.31583333333333335,8.283291162097365,0.2390987326499622,16.38382173614377,1.1524771786548302,0.4275,0.0,0.30867423971948416,1.0,,0,0,0,0.0885,512,True,,True,unavailable,,,(),(),,,,
policy-scrambled,71,role-3,exact-authorized,scrambled-v2,758,0.31583333333333335,8.283291162097365,0.2390987326499622,16.38382173614377,1.1524771786548302,0.4275,0.0,0.30867423971948416,1.0,,0,0,0,0.040833,758,False,,True,unavailable,,,(),(),,,,
policy-scrambled,71,role-3,unsafe-unfiltered,scrambled-v2,758,0.31583333333333335,8.283291162097365,0.2390987326499622,16.38382173614377,1.1524771786548302,0.4275,0.0,0.30867423971948416,0.3,,7,7,0,0.036625,10,False,,False,unavailable,,,(),(),,,,
policy-scrambled,72,role-3,hnsw-low,scrambled-v2,758,0.31583333333333335,9.633704766276805,0.11833501503433996,1.3722827758535825,1.189684380118185,0.4275,0.0,0.34912920775349454,1.0,,0,0,0,0.03125,128,False,,True,unavailable,,,(),(),,,,
policy-scrambled,72,role-3,hnsw-high,scrambled-v2,758,0.31583333333333335,9.633704766276805,0.11833501503433996,1.3722827758535825,1.189684380118185,0.4275,0.0,0.34912920775349454,1.0,,0,0,0,0.086416,512,True,,True,unavailable,,,(),(),,,,
policy-scrambled,72,role-3,exact-authorized,scrambled-v2,758,0.31583333333333335,9.633704766276805,0.11833501503433996,1.3722827758535825,1.189684380118185,0.4275,0.0,0.34912920775349454,1.0,,0,0,0,0.04075,758,False,,True,unavailable,,,(),(),,,,
policy-scrambled,72,role-3,unsafe-unfiltered,scrambled-v2,758,0.31583333333333335,9.633704766276805,0.11833501503433996,1.3722827758535825,1.189684380118185,0.4275,0.0,0.34912920775349454,0.3,,7,7,0,0.035583,10,False,,False,unavailable,,,(),(),,,,
policy-scrambled,73,role-3,hnsw-low,scrambled-v2,758,0.31583333333333335,7.340688290555796,0.19298288899236582,15.552649616472053,1.2243479371208863,0.4275,0.0,0.2926644162672627,1.0,,0,0,0,0.02975,128,False,,True,unavailable,,,(),(),,,,
policy-scrambled,73,role-3,hnsw-high,scrambled-v2,758,0.31583333333333335,7.340688290555796,0.19298288899236582,15.552649616472053,1.2243479371208863,0.4275,0.0,0.2926644162672627,1.0,,0,0,0,0.088166,512,True,,True,unavailable,,,(),(),,,,
policy-scrambled,73,role-3,exact-authorized,scrambled-v2,758,0.31583333333333335,7.340688290555796,0.19298288899236582,15.552649616472053,1.2243479371208863,0.4275,0.0,0.2926644162672627,1.0,,0,0,0,0.040167,758,False,,True,unavailable,,,(),(),,,,
policy-scrambled,73,role-3,unsafe-unfiltered,scrambled-v2,758,0.31583333333333335,7.340688290555796,0.19298288899236582,15.552649616472053,1.2243479371208863,0.4275,0.0,0.2926644162672627,0.7,,3,3,0,0.038458,10,False,,False,unavailable,,,(),(),,,,
policy-scrambled,74,role-3,hnsw-low,scrambled-v2,758,0.31583333333333335,7.436529921703365,0.0844643663589903,9.485269486608168,1.2114152316891829,0.4275,0.0,0.26421394506471996,1.0,,0,0,0,0.031042,128,False,,True,unavailable,,,(),(),,,,
policy-scrambled,74,role-3,hnsw-high,scrambled-v2,758,0.31583333333333335,7.436529921703365,0.0844643663589903,9.485269486608168,1.2114152316891829,0.4275,0.0,0.26421394506471996,1.0,,0,0,0,0.084292,512,True,,True,unavailable,,,(),(),,,,
policy-scrambled,74,role-3,exact-authorized,scrambled-v2,758,0.31583333333333335,7.436529921703365,0.0844643663589903,9.485269486608168,1.2114152316891829,0.4275,0.0,0.26421394506471996,1.0,,0,0,0,0.03875,758,False,,True,unavailable,,,(),(),,,,
policy-scrambled,74,role-3,unsafe-unfiltered,scrambled-v2,758,0.31583333333333335,7.436529921703365,0.0844643663589903,9.485269486608168,1.2114152316891829,0.4275,0.0,0.26421394506471996,0.1,,9,9,0,0.037459,10,False,,False,unavailable,,,(),(),,,,
policy-scrambled,75,role-3,hnsw-low,scrambled-v2,758,0.31583333333333335,11.683640856680336,0.10914929877795913,1.3123766663989187,1.1706142038721883,0.4275,0.0,0.3596629898574411,0.9,,0,0,0,0.031416,128,False,,True,unavailable,,,(),(),,,,
policy-scrambled,75,role-3,hnsw-high,scrambled-v2,758,0.31583333333333335,11.683640856680336,0.10914929877795913,1.3123766663989187,1.1706142038721883,0.4275,0.0,0.3596629898574411,0.9,,0,0,0,0.089875,512,True,,True,unavailable,,,(),(),,,,
policy-scrambled,75,role-3,exact-authorized,scrambled-v2,758,0.31583333333333335,11.683640856680336,0.10914929877795913,1.3123766663989187,1.1706142038721883,0.4275,0.0,0.3596629898574411,1.0,,0,0,0,0.040792,758,False,,True,unavailable,,,(),(),,,,
policy-scrambled,75,role-3,unsafe-unfiltered,scrambled-v2,758,0.31583333333333335,11.683640856680336,0.10914929877795913,1.3123766663989187,1.1706142038721883,0.4275,0.0,0.3596629898574411,0.5,,5,5,0,0.039625,10,False,,False,unavailable,,,(),(),,,,
policy-scrambled,76,role-3,hnsw-low,scrambled-v2,758,0.31583333333333335,10.286106546329018,0.1446352383594882,1.396360021348035,1.2082386005462395,0.4275,0.0,0.36032506892220323,1.0,,0,0,0,0.030875,128,False,,True,unavailable,,,(),(),,,,
policy-scrambled,76,role-3,hnsw-high,scrambled-v2,758,0.31583333333333335,10.286106546329018,0.1446352383594882,1.396360021348035,1.2082386005462395,0.4275,0.0,0.36032506892220323,1.0,,0,0,0,0.0855,512,False,,True,unavailable,,,(),(),,,,
policy-scrambled,76,role-3,exact-authorized,scrambled-v2,758,0.31583333333333335,10.286106546329018,0.1446352383594882,1.396360021348035,1.2082386005462395,0.4275,0.0,0.36032506892220323,1.0,,0,0,0,0.038584,758,True,,True,unavailable,,,(),(),,,,
policy-scrambled,76,role-3,unsafe-unfiltered,scrambled-v2,758,0.31583333333333335,10.286106546329018,0.1446352383594882,1.396360021348035,1.2082386005462395,0.4275,0.0,0.36032506892220323,0.2,,8,8,0,0.038292,10,False,,False,unavailable,,,(),(),,,,
policy-scrambled,77,role-3,hnsw-low,scrambled-v2,758,0.31583333333333335,7.7106859819958915,0.12854908455363864,10.44687371107078,1.2030444051634404,0.4275,0.0,0.2778533798634109,1.0,,0,0,0,0.03075,128,False,,True,unavailable,,,(),(),,,,
policy-scrambled,77,role-3,hnsw-high,scrambled-v2,758,0.31583333333333335,7.7106859819958915,0.12854908455363864,10.44687371107078,1.2030444051634404,0.4275,0.0,0.2778533798634109,1.0,,0,0,0,0.088542,512,True,,True,unavailable,,,(),(),,,,
policy-scrambled,77,role-3,exact-authorized,scrambled-v2,758,0.31583333333333335,7.7106859819958915,0.12854908455363864,10.44687371107078,1.2030444051634404,0.4275,0.0,0.2778533798634109,1.0,,0,0,0,0.040375,758,False,,True,unavailable,,,(),(),,,,
policy-scrambled,77,role-3,unsafe-unfiltered,scrambled-v2,758,0.31583333333333335,7.7106859819958915,0.12854908455363864,10.44687371107078,1.2030444051634404,0.4275,0.0,0.2778533798634109,0.3,,7,7,0,0.037375,10,False,,False,unavailable,,,(),(),,,,
policy-scrambled,78,role-3,hnsw-low,scrambled-v2,758,0.31583333333333335,10.063245859365209,0.28042847004236354,1.3529958212515611,1.228793793146393,0.4275,0.0,0.4031622489782075,1.0,,0,0,0,0.030708,128,False,,True,unavailable,,,(),(),,,,
policy-scrambled,78,role-3,hnsw-high,scrambled-v2,758,0.31583333333333335,10.063245859365209,0.28042847004236354,1.3529958212515611,1.228793793146393,0.4275,0.0,0.4031622489782075,1.0,,0,0,0,0.09275,512,False,,True,unavailable,,,(),(),,,,
policy-scrambled,78,role-3,exact-authorized,scrambled-v2,758,0.31583333333333335,10.063245859365209,0.28042847004236354,1.3529958212515611,1.228793793146393,0.4275,0.0,0.4031622489782075,1.0,,0,0,0,0.039709,758,True,,True,unavailable,,,(),(),,,,
policy-scrambled,78,role-3,unsafe-unfiltered,scrambled-v2,758,0.31583333333333335,10.063245859365209,0.28042847004236354,1.3529958212515611,1.228793793146393,0.4275,0.0,0.4031622489782075,0.3,,7,7,0,0.036042,10,False,,False,unavailable,,,(),(),,,,
policy-scrambled,79,role-3,hnsw-low,scrambled-v2,758,0.31583333333333335,8.441226522909322,0.08635327143300267,9.643717329010705,1.2041326987917964,0.4275,0.0,0.27068092334650107,1.0,,0,0,0,0.030583,128,False,,True,unavailable,,,(),(),,,,
policy-scrambled,79,role-3,hnsw-high,scrambled-v2,758,0.31583333333333335,8.441226522909322,0.08635327143300267,9.643717329010705,1.2041326987917964,0.4275,0.0,0.27068092334650107,1.0,,0,0,0,0.086042,512,True,,True,unavailable,,,(),(),,,,
policy-scrambled,79,role-3,exact-authorized,scrambled-v2,758,0.31583333333333335,8.441226522909322,0.08635327143300267,9.643717329010705,1.2041326987917964,0.4275,0.0,0.27068092334650107,1.0,,0,0,0,0.035083,758,False,,True,unavailable,,,(),(),,,,
policy-scrambled,79,role-3,unsafe-unfiltered,scrambled-v2,758,0.31583333333333335,8.441226522909322,0.08635327143300267,9.643717329010705,1.2041326987917964,0.4275,0.0,0.27068092334650107,0.1,,9,9,0,0.036958,10,False,,False,unavailable,,,(),(),,,,
embedding-drift,0,role-0,hnsw-low,aligned-v1,755,0.3145833333333333,15.488538127299549,0.16492263451419628,1.2966574134386737,1.1432777142355537,0.0,0.65,0.30787148933029473,0.8,,0,0,0,0.07275,128,False,,False,unavailable,,,(),(),,,,
embedding-drift,0,role-0,hnsw-high,aligned-v1,755,0.3145833333333333,15.488538127299549,0.16492263451419628,1.2966574134386737,1.1432777142355537,0.0,0.65,0.30787148933029473,0.9,,0,0,0,0.092083,512,True,,True,unavailable,,,(),(),,,,
embedding-drift,0,role-0,exact-authorized,aligned-v1,755,0.3145833333333333,15.488538127299549,0.16492263451419628,1.2966574134386737,1.1432777142355537,0.0,0.65,0.30787148933029473,1.0,,0,0,0,0.05675,755,False,,True,unavailable,,,(),(),,,,
embedding-drift,0,role-0,unsafe-unfiltered,aligned-v1,755,0.3145833333333333,15.488538127299549,0.16492263451419628,1.2966574134386737,1.1432777142355537,0.0,0.65,0.30787148933029473,0.8,,0,0,0,0.049791,10,False,,False,unavailable,,,(),(),,,,
embedding-drift,1,role-0,hnsw-low,aligned-v1,755,0.3145833333333333,11.450494702266253,0.012187785647782076,1.770737387955218,1.161417610207521,0.0,0.65,0.22422085303455339,1.0,,0,0,0,0.044334,128,True,,True,unavailable,,,(),(),,,,
embedding-drift,1,role-0,hnsw-high,aligned-v1,755,0.3145833333333333,11.450494702266253,0.012187785647782076,1.770737387955218,1.161417610207521,0.0,0.65,0.22422085303455339,1.0,,0,0,0,0.094916,512,False,,True,unavailable,,,(),(),,,,
embedding-drift,1,role-0,exact-authorized,aligned-v1,755,0.3145833333333333,11.450494702266253,0.012187785647782076,1.770737387955218,1.161417610207521,0.0,0.65,0.22422085303455339,1.0,,0,0,0,0.043,755,False,,True,unavailable,,,(),(),,,,
embedding-drift,1,role-0,unsafe-unfiltered,aligned-v1,755,0.3145833333333333,11.450494702266253,0.012187785647782076,1.770737387955218,1.161417610207521,0.0,0.65,0.22422085303455339,1.0,,0,0,0,0.033042,10,False,,True,unavailable,,,(),(),,,,
embedding-drift,2,role-0,hnsw-low,aligned-v1,755,0.3145833333333333,13.375701743602683,0.11159606313081954,1.257300990446038,1.1497463159788244,0.0,0.65,0.28569200050775884,0.9,,0,0,0,0.041209,128,False,,True,unavailable,,,(),(),,,,
embedding-drift,2,role-0,hnsw-high,aligned-v1,755,0.3145833333333333,13.375701743602683,0.11159606313081954,1.257300990446038,1.1497463159788244,0.0,0.65,0.28569200050775884,0.9,,0,0,0,0.09125,512,True,,True,unavailable,,,(),(),,,,
embedding-drift,2,role-0,exact-authorized,aligned-v1,755,0.3145833333333333,13.375701743602683,0.11159606313081954,1.257300990446038,1.1497463159788244,0.0,0.65,0.28569200050775884,1.0,,0,0,0,0.044583,755,False,,True,unavailable,,,(),(),,,,
embedding-drift,2,role-0,unsafe-unfiltered,aligned-v1,755,0.3145833333333333,13.375701743602683,0.11159606313081954,1.257300990446038,1.1497463159788244,0.0,0.65,0.28569200050775884,0.9,,0,0,0,0.038958,10,False,,True,unavailable,,,(),(),,,,
embedding-drift,3,role-0,hnsw-low,aligned-v1,755,0.3145833333333333,13.909072555509086,0.09405354413630909,1.4576579559307115,1.1196004420822065,0.0,0.65,0.27034612223114296,1.0,,0,0,0,0.039917,128,False,,True,unavailable,,,(),(),,,,
embedding-drift,3,role-0,hnsw-high,aligned-v1,755,0.3145833333333333,13.909072555509086,0.09405354413630909,1.4576579559307115,1.1196004420822065,0.0,0.65,0.27034612223114296,1.0,,0,0,0,0.089708,512,True,,True,unavailable,,,(),(),,,,
embedding-drift,3,role-0,exact-authorized,aligned-v1,755,0.3145833333333333,13.909072555509086,0.09405354413630909,1.4576579559307115,1.1196004420822065,0.0,0.65,0.27034612223114296,1.0,,0,0,0,0.037542,755,False,,True,unavailable,,,(),(),,,,
embedding-drift,3,role-0,unsafe-unfiltered,aligned-v1,755,0.3145833333333333,13.909072555509086,0.09405354413630909,1.4576579559307115,1.1196004420822065,0.0,0.65,0.27034612223114296,0.0,,10,10,0,0.040833,10,False,,False,unavailable,,,(),(),,,,
embedding-drift,4,role-0,hnsw-low,aligned-v1,755,0.3145833333333333,11.523577448469426,0.05556964604837494,1.9678434851020832,1.1600821856139276,0.0,0.65,0.23188061311565586,1.0,,0,0,0,0.03975,128,True,,True,unavailable,,,(),(),,,,
embedding-drift,4,role-0,hnsw-high,aligned-v1,755,0.3145833333333333,11.523577448469426,0.05556964604837494,1.9678434851020832,1.1600821856139276,0.0,0.65,0.23188061311565586,1.0,,0,0,0,0.091083,512,False,,True,unavailable,,,(),(),,,,
embedding-drift,4,role-0,exact-authorized,aligned-v1,755,0.3145833333333333,11.523577448469426,0.05556964604837494,1.9678434851020832,1.1600821856139276,0.0,0.65,0.23188061311565586,1.0,,0,0,0,0.038917,755,False,,True,unavailable,,,(),(),,,,
embedding-drift,4,role-0,unsafe-unfiltered,aligned-v1,755,0.3145833333333333,11.523577448469426,0.05556964604837494,1.9678434851020832,1.1600821856139276,0.0,0.65,0.23188061311565586,1.0,,0,0,0,0.032334,10,False,,True,unavailable,,,(),(),,,,
embedding-drift,5,role-0,hnsw-low,aligned-v1,755,0.3145833333333333,10.227110831195084,0.05232216427448295,1.6693314774908534,1.1499204202440314,0.0,0.65,0.23268247045862236,1.0,,0,0,0,0.040333,128,True,,True,unavailable,,,(),(),,,,
embedding-drift,5,role-0,hnsw-high,aligned-v1,755,0.3145833333333333,10.227110831195084,0.05232216427448295,1.6693314774908534,1.1499204202440314,0.0,0.65,0.23268247045862236,1.0,,0,0,0,0.089458,512,False,,True,unavailable,,,(),(),,,,
embedding-drift,5,role-0,exact-authorized,aligned-v1,755,0.3145833333333333,10.227110831195084,0.05232216427448295,1.6693314774908534,1.1499204202440314,0.0,0.65,0.23268247045862236,1.0,,0,0,0,0.040541,755,False,,True,unavailable,,,(),(),,,,
embedding-drift,5,role-0,unsafe-unfiltered,aligned-v1,755,0.3145833333333333,10.227110831195084,0.05232216427448295,1.6693314774908534,1.1499204202440314,0.0,0.65,0.23268247045862236,1.0,,0,0,0,0.038625,10,False,,True,unavailable,,,(),(),,,,
embedding-drift,6,role-0,hnsw-low,aligned-v1,755,0.3145833333333333,15.130184262546058,0.05266877898816019,1.8318724275197993,1.1246345707960343,0.0,0.65,0.24929356877865466,1.0,,0,0,0,0.03775,128,False,,True,unavailable,,,(),(),,,,
embedding-drift,6,role-0,hnsw-high,aligned-v1,755,0.3145833333333333,15.130184262546058,0.05266877898816019,1.8318724275197993,1.1246345707960343,0.0,0.65,0.24929356877865466,1.0,,0,0,0,0.088,512,True,,True,unavailable,,,(),(),,,,
embedding-drift,6,role-0,exact-authorized,aligned-v1,755,0.3145833333333333,15.130184262546058,0.05266877898816019,1.8318724275197993,1.1246345707960343,0.0,0.65,0.24929356877865466,1.0,,0,0,0,0.041167,755,False,,True,unavailable,,,(),(),,,,
embedding-drift,6,role-0,unsafe-unfiltered,aligned-v1,755,0.3145833333333333,15.130184262546058,0.05266877898816019,1.8318724275197993,1.1246345707960343,0.0,0.65,0.24929356877865466,1.0,,0,0,0,0.03775,10,False,,True,unavailable,,,(),(),,,,
embedding-drift,7,role-0,hnsw-low,aligned-v1,755,0.3145833333333333,11.994893756460558,0.056091075370127405,1.6949385258463234,1.1522394585090743,0.0,0.65,0.24216354865395215,1.0,,0,0,0,0.038791,128,False,,True,unavailable,,,(),(),,,,
embedding-drift,7,role-0,hnsw-high,aligned-v1,755,0.3145833333333333,11.994893756460558,0.056091075370127405,1.6949385258463234,1.1522394585090743,0.0,0.65,0.24216354865395215,1.0,,0,0,0,0.090042,512,True,,True,unavailable,,,(),(),,,,
embedding-drift,7,role-0,exact-authorized,aligned-v1,755,0.3145833333333333,11.994893756460558,0.056091075370127405,1.6949385258463234,1.1522394585090743,0.0,0.65,0.24216354865395215,1.0,,0,0,0,0.037375,755,False,,True,unavailable,,,(),(),,,,
embedding-drift,7,role-0,unsafe-unfiltered,aligned-v1,755,0.3145833333333333,11.994893756460558,0.056091075370127405,1.6949385258463234,1.1522394585090743,0.0,0.65,0.24216354865395215,1.0,,0,0,0,0.038708,10,False,,True,unavailable,,,(),(),,,,
embedding-drift,8,role-0,hnsw-low,aligned-v1,755,0.3145833333333333,12.705379951351008,0.08679117227302548,1.7765946747769013,1.1484815219160824,0.0,0.65,0.2518688405622766,1.0,,0,0,0,0.038708,128,False,,True,unavailable,,,(),(),,,,
embedding-drift,8,role-0,hnsw-high,aligned-v1,755,0.3145833333333333,12.705379951351008,0.08679117227302548,1.7765946747769013,1.1484815219160824,0.0,0.65,0.2518688405622766,1.0,,0,0,0,0.090041,512,True,,True,unavailable,,,(),(),,,,
embedding-drift,8,role-0,exact-authorized,aligned-v1,755,0.3145833333333333,12.705379951351008,0.08679117227302548,1.7765946747769013,1.1484815219160824,0.0,0.65,0.2518688405622766,1.0,,0,0,0,0.035625,755,False,,True,unavailable,,,(),(),,,,
embedding-drift,8,role-0,unsafe-unfiltered,aligned-v1,755,0.3145833333333333,12.705379951351008,0.08679117227302548,1.7765946747769013,1.1484815219160824,0.0,0.65,0.2518688405622766,1.0,,0,0,0,0.038083,10,False,,True,unavailable,,,(),(),,,,
embedding-drift,9,role-0,hnsw-low,aligned-v1,755,0.3145833333333333,13.207068760616416,0.039013366181631315,1.3253810343122385,1.138881930022503,0.0,0.65,0.2585277560496925,1.0,,0,0,0,0.039333,128,False,,True,unavailable,,,(),(),,,,
embedding-drift,9,role-0,hnsw-high,aligned-v1,755,0.3145833333333333,13.207068760616416,0.039013366181631315,1.3253810343122385,1.138881930022503,0.0,0.65,0.2585277560496925,1.0,,0,0,0,0.08825,512,True,,True,unavailable,,,(),(),,,,
embedding-drift,9,role-0,exact-authorized,aligned-v1,755,0.3145833333333333,13.207068760616416,0.039013366181631315,1.3253810343122385,1.138881930022503,0.0,0.65,0.2585277560496925,1.0,,0,0,0,0.038875,755,False,,True,unavailable,,,(),(),,,,
embedding-drift,9,role-0,unsafe-unfiltered,aligned-v1,755,0.3145833333333333,13.207068760616416,0.039013366181631315,1.3253810343122385,1.138881930022503,0.0,0.65,0.2585277560496925,1.0,,0,0,0,0.035084,10,False,,True,unavailable,,,(),(),,,,
embedding-drift,10,role-0,hnsw-low,aligned-v1,755,0.3145833333333333,11.842362323083172,0.031596601056104144,1.6545375479432372,1.1529062436705313,0.0,0.65,0.2355406160204069,1.0,,0,0,0,0.038917,128,True,,True,unavailable,,,(),(),,,,
embedding-drift,10,role-0,hnsw-high,aligned-v1,755,0.3145833333333333,11.842362323083172,0.031596601056104144,1.6545375479432372,1.1529062436705313,0.0,0.65,0.2355406160204069,1.0,,0,0,0,0.087833,512,False,,True,unavailable,,,(),(),,,,
embedding-drift,10,role-0,exact-authorized,aligned-v1,755,0.3145833333333333,11.842362323083172,0.031596601056104144,1.6545375479432372,1.1529062436705313,0.0,0.65,0.2355406160204069,1.0,,0,0,0,0.041292,755,False,,True,unavailable,,,(),(),,,,
embedding-drift,10,role-0,unsafe-unfiltered,aligned-v1,755,0.3145833333333333,11.842362323083172,0.031596601056104144,1.6545375479432372,1.1529062436705313,0.0,0.65,0.2355406160204069,1.0,,0,0,0,0.038125,10,False,,True,unavailable,,,(),(),,,,
embedding-drift,11,role-0,hnsw-low,aligned-v1,755,0.3145833333333333,13.01031199991447,0.03169912247656934,1.59096601170656,1.137805483228865,0.0,0.65,0.24278708477296973,1.0,,0,0,0,0.03875,128,False,,True,unavailable,,,(),(),,,,
embedding-drift,11,role-0,hnsw-high,aligned-v1,755,0.3145833333333333,13.01031199991447,0.03169912247656934,1.59096601170656,1.137805483228865,0.0,0.65,0.24278708477296973,1.0,,0,0,0,0.088958,512,True,,True,unavailable,,,(),(),,,,
embedding-drift,11,role-0,exact-authorized,aligned-v1,755,0.3145833333333333,13.01031199991447,0.03169912247656934,1.59096601170656,1.137805483228865,0.0,0.65,0.24278708477296973,1.0,,0,0,0,0.039333,755,False,,True,unavailable,,,(),(),,,,
embedding-drift,11,role-0,unsafe-unfiltered,aligned-v1,755,0.3145833333333333,13.01031199991447,0.03169912247656934,1.59096601170656,1.137805483228865,0.0,0.65,0.24278708477296973,1.0,,0,0,0,0.037333,10,False,,True,unavailable,,,(),(),,,,
embedding-drift,12,role-0,hnsw-low,aligned-v1,755,0.3145833333333333,11.509429352748702,0.05586999207217942,1.473464277267344,1.1773910066536655,0.0,0.65,0.2498151614077298,1.0,,0,0,0,0.037125,128,False,,True,unavailable,,,(),(),,,,
embedding-drift,12,role-0,hnsw-high,aligned-v1,755,0.3145833333333333,11.509429352748702,0.05586999207217942,1.473464277267344,1.1773910066536655,0.0,0.65,0.2498151614077298,1.0,,0,0,0,0.088375,512,True,,True,unavailable,,,(),(),,,,
embedding-drift,12,role-0,exact-authorized,aligned-v1,755,0.3145833333333333,11.509429352748702,0.05586999207217942,1.473464277267344,1.1773910066536655,0.0,0.65,0.2498151614077298,1.0,,0,0,0,0.038875,755,False,,True,unavailable,,,(),(),,,,
embedding-drift,12,role-0,unsafe-unfiltered,aligned-v1,755,0.3145833333333333,11.509429352748702,0.05586999207217942,1.473464277267344,1.1773910066536655,0.0,0.65,0.2498151614077298,1.0,,0,0,0,0.0365,10,False,,True,unavailable,,,(),(),,,,
embedding-drift,13,role-0,hnsw-low,aligned-v1,755,0.3145833333333333,12.147355278047296,0.07966979552310556,1.3835493817876212,1.156641203909376,0.0,0.65,0.26347707730147596,0.9,,0,0,0,0.037625,128,False,,True,unavailable,,,(),(),,,,
embedding-drift,13,role-0,hnsw-high,aligned-v1,755,0.3145833333333333,12.147355278047296,0.07966979552310556,1.3835493817876212,1.156641203909376,0.0,0.65,0.26347707730147596,1.0,,0,0,0,0.087125,512,True,,True,unavailable,,,(),(),,,,
embedding-drift,13,role-0,exact-authorized,aligned-v1,755,0.3145833333333333,12.147355278047296,0.07966979552310556,1.3835493817876212,1.156641203909376,0.0,0.65,0.26347707730147596,1.0,,0,0,0,0.040042,755,False,,True,unavailable,,,(),(),,,,
embedding-drift,13,role-0,unsafe-unfiltered,aligned-v1,755,0.3145833333333333,12.147355278047296,0.07966979552310556,1.3835493817876212,1.156641203909376,0.0,0.65,0.26347707730147596,0.9,,0,0,0,0.03675,10,False,,True,unavailable,,,(),(),,,,
embedding-drift,14,role-0,hnsw-low,aligned-v1,755,0.3145833333333333,11.972546723059585,0.059409192233548465,1.637541847077145,1.150390424907741,0.0,0.65,0.24502525630083835,1.0,,0,0,0,0.039125,128,False,,True,unavailable,,,(),(),,,,
embedding-drift,14,role-0,hnsw-high,aligned-v1,755,0.3145833333333333,11.972546723059585,0.059409192233548465,1.637541847077145,1.150390424907741,0.0,0.65,0.24502525630083835,1.0,,0,0,0,0.087667,512,True,,True,unavailable,,,(),(),,,,
embedding-drift,14,role-0,exact-authorized,aligned-v1,755,0.3145833333333333,11.972546723059585,0.059409192233548465,1.637541847077145,1.150390424907741,0.0,0.65,0.24502525630083835,1.0,,0,0,0,0.037709,755,False,,True,unavailable,,,(),(),,,,
embedding-drift,14,role-0,unsafe-unfiltered,aligned-v1,755,0.3145833333333333,11.972546723059585,0.059409192233548465,1.637541847077145,1.150390424907741,0.0,0.65,0.24502525630083835,1.0,,0,0,0,0.039208,10,False,,True,unavailable,,,(),(),,,,
embedding-drift,15,role-0,hnsw-low,aligned-v1,755,0.3145833333333333,11.038609315434618,0.07872411533384542,1.5392123317542226,1.1683480558587853,0.0,0.65,0.25091324032390305,1.0,,0,0,0,0.038042,128,False,,True,unavailable,,,(),(),,,,
embedding-drift,15,role-0,hnsw-high,aligned-v1,755,0.3145833333333333,11.038609315434618,0.07872411533384542,1.5392123317542226,1.1683480558587853,0.0,0.65,0.25091324032390305,1.0,,0,0,0,0.08775,512,True,,True,unavailable,,,(),(),,,,
embedding-drift,15,role-0,exact-authorized,aligned-v1,755,0.3145833333333333,11.038609315434618,0.07872411533384542,1.5392123317542226,1.1683480558587853,0.0,0.65,0.25091324032390305,1.0,,0,0,0,0.039458,755,False,,True,unavailable,,,(),(),,,,
embedding-drift,15,role-0,unsafe-unfiltered,aligned-v1,755,0.3145833333333333,11.038609315434618,0.07872411533384542,1.5392123317542226,1.1683480558587853,0.0,0.65,0.25091324032390305,0.9,,0,0,0,0.037666,10,False,,True,unavailable,,,(),(),,,,
embedding-drift,16,role-0,hnsw-low,aligned-v1,755,0.3145833333333333,12.80058958990336,0.13936007133960834,1.3356922580724797,1.1722338612386978,0.0,0.65,0.28785097498407886,1.0,,0,0,0,0.038458,128,False,,True,unavailable,,,(),(),,,,
embedding-drift,16,role-0,hnsw-high,aligned-v1,755,0.3145833333333333,12.80058958990336,0.13936007133960834,1.3356922580724797,1.1722338612386978,0.0,0.65,0.28785097498407886,1.0,,0,0,0,0.088792,512,True,,True,unavailable,,,(),(),,,,
embedding-drift,16,role-0,exact-authorized,aligned-v1,755,0.3145833333333333,12.80058958990336,0.13936007133960834,1.3356922580724797,1.1722338612386978,0.0,0.65,0.28785097498407886,1.0,,0,0,0,0.035583,755,False,,True,unavailable,,,(),(),,,,
embedding-drift,16,role-0,unsafe-unfiltered,aligned-v1,755,0.3145833333333333,12.80058958990336,0.13936007133960834,1.3356922580724797,1.1722338612386978,0.0,0.65,0.28785097498407886,1.0,,0,0,0,0.035833,10,False,,True,unavailable,,,(),(),,,,
embedding-drift,17,role-0,hnsw-low,aligned-v1,755,0.3145833333333333,11.26005688371685,0.04348136233599822,2.026784184129381,1.1481132634865348,0.0,0.65,0.2248407908521204,1.0,,0,0,0,0.037375,128,True,,True,unavailable,,,(),(),,,,
embedding-drift,17,role-0,hnsw-high,aligned-v1,755,0.3145833333333333,11.26005688371685,0.04348136233599822,2.026784184129381,1.1481132634865348,0.0,0.65,0.2248407908521204,1.0,,0,0,0,0.086875,512,False,,True,unavailable,,,(),(),,,,
embedding-drift,17,role-0,exact-authorized,aligned-v1,755,0.3145833333333333,11.26005688371685,0.04348136233599822,2.026784184129381,1.1481132634865348,0.0,0.65,0.2248407908521204,1.0,,0,0,0,0.039541,755,False,,True,unavailable,,,(),(),,,,
embedding-drift,17,role-0,unsafe-unfiltered,aligned-v1,755,0.3145833333333333,11.26005688371685,0.04348136233599822,2.026784184129381,1.1481132634865348,0.0,0.65,0.2248407908521204,1.0,,0,0,0,0.0385,10,False,,True,unavailable,,,(),(),,,,
embedding-drift,18,role-0,hnsw-low,aligned-v1,755,0.3145833333333333,12.386888648105419,0.02542387980766111,2.053451428980221,1.1354544342149637,0.0,0.65,0.22371492128426926,1.0,,0,0,0,0.0385,128,True,,True,unavailable,,,(),(),,,,
embedding-drift,18,role-0,hnsw-high,aligned-v1,755,0.3145833333333333,12.386888648105419,0.02542387980766111,2.053451428980221,1.1354544342149637,0.0,0.65,0.22371492128426926,1.0,,0,0,0,0.087291,512,False,,True,unavailable,,,(),(),,,,
embedding-drift,18,role-0,exact-authorized,aligned-v1,755,0.3145833333333333,12.386888648105419,0.02542387980766111,2.053451428980221,1.1354544342149637,0.0,0.65,0.22371492128426926,1.0,,0,0,0,0.038333,755,False,,True,unavailable,,,(),(),,,,
embedding-drift,18,role-0,unsafe-unfiltered,aligned-v1,755,0.3145833333333333,12.386888648105419,0.02542387980766111,2.053451428980221,1.1354544342149637,0.0,0.65,0.22371492128426926,0.0,,10,10,0,0.039625,10,False,,False,unavailable,,,(),(),,,,
embedding-drift,19,role-0,hnsw-low,aligned-v1,755,0.3145833333333333,12.375789825925246,0.03650286711549921,1.4127093639189714,1.147248144478511,0.0,0.65,0.24966284869637898,1.0,,0,0,0,0.038541,128,False,,True,unavailable,,,(),(),,,,
embedding-drift,19,role-0,hnsw-high,aligned-v1,755,0.3145833333333333,12.375789825925246,0.03650286711549921,1.4127093639189714,1.147248144478511,0.0,0.65,0.24966284869637898,1.0,,0,0,0,0.089292,512,True,,True,unavailable,,,(),(),,,,
embedding-drift,19,role-0,exact-authorized,aligned-v1,755,0.3145833333333333,12.375789825925246,0.03650286711549921,1.4127093639189714,1.147248144478511,0.0,0.65,0.24966284869637898,1.0,,0,0,0,0.039584,755,False,,True,unavailable,,,(),(),,,,
embedding-drift,19,role-0,unsafe-unfiltered,aligned-v1,755,0.3145833333333333,12.375789825925246,0.03650286711549921,1.4127093639189714,1.147248144478511,0.0,0.65,0.24966284869637898,1.0,,0,0,0,0.037584,10,False,,True,unavailable,,,(),(),,,,
embedding-drift,20,role-1,hnsw-low,aligned-v1,748,0.31166666666666665,14.622456226858382,0.03931549076124237,1.3351848674858982,1.1207704515760437,0.0,0.65,0.2633142236649811,1.0,,0,0,0,0.044042,128,False,,True,unavailable,,,(),(),,,,
embedding-drift,20,role-1,hnsw-high,aligned-v1,748,0.31166666666666665,14.622456226858382,0.03931549076124237,1.3351848674858982,1.1207704515760437,0.0,0.65,0.2633142236649811,1.0,,0,0,0,0.087042,512,True,,True,unavailable,,,(),(),,,,
embedding-drift,20,role-1,exact-authorized,aligned-v1,748,0.31166666666666665,14.622456226858382,0.03931549076124237,1.3351848674858982,1.1207704515760437,0.0,0.65,0.2633142236649811,1.0,,0,0,0,0.041416,748,False,,True,unavailable,,,(),(),,,,
embedding-drift,20,role-1,unsafe-unfiltered,aligned-v1,748,0.31166666666666665,14.622456226858382,0.03931549076124237,1.3351848674858982,1.1207704515760437,0.0,0.65,0.2633142236649811,1.0,,0,0,0,0.04025,10,False,,True,unavailable,,,(),(),,,,
embedding-drift,21,role-1,hnsw-low,aligned-v1,748,0.31166666666666665,14.348038014681753,0.05527123795364678,1.4255670892595076,1.112780495102725,0.0,0.65,0.2617991969264438,1.0,,0,0,0,0.038416,128,False,,True,unavailable,,,(),(),,,,
embedding-drift,21,role-1,hnsw-high,aligned-v1,748,0.31166666666666665,14.348038014681753,0.05527123795364678,1.4255670892595076,1.112780495102725,0.0,0.65,0.2617991969264438,1.0,,0,0,0,0.085833,512,True,,True,unavailable,,,(),(),,,,
embedding-drift,21,role-1,exact-authorized,aligned-v1,748,0.31166666666666665,14.348038014681753,0.05527123795364678,1.4255670892595076,1.112780495102725,0.0,0.65,0.2617991969264438,1.0,,0,0,0,0.038375,748,False,,True,unavailable,,,(),(),,,,
embedding-drift,21,role-1,unsafe-unfiltered,aligned-v1,748,0.31166666666666665,14.348038014681753,0.05527123795364678,1.4255670892595076,1.112780495102725,0.0,0.65,0.2617991969264438,1.0,,0,0,0,0.029292,10,False,,True,unavailable,,,(),(),,,,
embedding-drift,22,role-1,hnsw-low,aligned-v1,748,0.31166666666666665,11.105780779775525,0.01511964736141809,1.3980076325272104,1.1505986755891577,0.0,0.65,0.23785436974094706,1.0,,0,0,0,0.038625,128,True,,True,unavailable,,,(),(),,,,
embedding-drift,22,role-1,hnsw-high,aligned-v1,748,0.31166666666666665,11.105780779775525,0.01511964736141809,1.3980076325272104,1.1505986755891577,0.0,0.65,0.23785436974094706,1.0,,0,0,0,0.089292,512,False,,True,unavailable,,,(),(),,,,
embedding-drift,22,role-1,exact-authorized,aligned-v1,748,0.31166666666666665,11.105780779775525,0.01511964736141809,1.3980076325272104,1.1505986755891577,0.0,0.65,0.23785436974094706,1.0,,0,0,0,0.039125,748,False,,True,unavailable,,,(),(),,,,
embedding-drift,22,role-1,unsafe-unfiltered,aligned-v1,748,0.31166666666666665,11.105780779775525,0.01511964736141809,1.3980076325272104,1.1505986755891577,0.0,0.65,0.23785436974094706,1.0,,0,0,0,0.038541,10,False,,True,unavailable,,,(),(),,,,
embedding-drift,23,role-1,hnsw-low,aligned-v1,748,0.31166666666666665,12.025145859345981,0.05353458436779553,1.3258209427682346,1.1519959291283546,0.0,0.65,0.2579578242295649,1.0,,0,0,0,0.03875,128,False,,True,unavailable,,,(),(),,,,
embedding-drift,23,role-1,hnsw-high,aligned-v1,748,0.31166666666666665,12.025145859345981,0.05353458436779553,1.3258209427682346,1.1519959291283546,0.0,0.65,0.2579578242295649,1.0,,0,0,0,0.087459,512,True,,True,unavailable,,,(),(),,,,
embedding-drift,23,role-1,exact-authorized,aligned-v1,748,0.31166666666666665,12.025145859345981,0.05353458436779553,1.3258209427682346,1.1519959291283546,0.0,0.65,0.2579578242295649,1.0,,0,0,0,0.04075,748,False,,True,unavailable,,,(),(),,,,
embedding-drift,23,role-1,unsafe-unfiltered,aligned-v1,748,0.31166666666666665,12.025145859345981,0.05353458436779553,1.3258209427682346,1.1519959291283546,0.0,0.65,0.2579578242295649,1.0,,0,0,0,0.038958,10,False,,True,unavailable,,,(),(),,,,
embedding-drift,24,role-1,hnsw-low,aligned-v1,748,0.31166666666666665,15.315891142842847,0.025045847240989638,1.6615395133896091,1.114724325547597,0.0,0.65,0.24685579337730562,1.0,,0,0,0,0.038,128,False,,True,unavailable,,,(),(),,,,
embedding-drift,24,role-1,hnsw-high,aligned-v1,748,0.31166666666666665,15.315891142842847,0.025045847240989638,1.6615395133896091,1.114724325547597,0.0,0.65,0.24685579337730562,1.0,,0,0,0,0.088709,512,True,,True,unavailable,,,(),(),,,,
embedding-drift,24,role-1,exact-authorized,aligned-v1,748,0.31166666666666665,15.315891142842847,0.025045847240989638,1.6615395133896091,1.114724325547597,0.0,0.65,0.24685579337730562,1.0,,0,0,0,0.040208,748,False,,True,unavailable,,,(),(),,,,
embedding-drift,24,role-1,unsafe-unfiltered,aligned-v1,748,0.31166666666666665,15.315891142842847,0.025045847240989638,1.6615395133896091,1.114724325547597,0.0,0.65,0.24685579337730562,1.0,,0,0,0,0.036125,10,False,,True,unavailable,,,(),(),,,,
embedding-drift,25,role-1,hnsw-low,aligned-v1,748,0.31166666666666665,15.935288547353098,0.13599096405071334,1.3075590754844382,1.1480779947259474,0.0,0.65,0.3005405722180906,1.0,,0,0,0,0.039416,128,False,,True,unavailable,,,(),(),,,,
embedding-drift,25,role-1,hnsw-high,aligned-v1,748,0.31166666666666665,15.935288547353098,0.13599096405071334,1.3075590754844382,1.1480779947259474,0.0,0.65,0.3005405722180906,1.0,,0,0,0,0.088333,512,True,,True,unavailable,,,(),(),,,,
embedding-drift,25,role-1,exact-authorized,aligned-v1,748,0.31166666666666665,15.935288547353098,0.13599096405071334,1.3075590754844382,1.1480779947259474,0.0,0.65,0.3005405722180906,1.0,,0,0,0,0.04,748,False,,True,unavailable,,,(),(),,,,
embedding-drift,25,role-1,unsafe-unfiltered,aligned-v1,748,0.31166666666666665,15.935288547353098,0.13599096405071334,1.3075590754844382,1.1480779947259474,0.0,0.65,0.3005405722180906,1.0,,0,0,0,0.038,10,False,,True,unavailable,,,(),(),,,,
embedding-drift,26,role-1,hnsw-low,aligned-v1,748,0.31166666666666665,12.62874935559984,0.05891669478685365,1.295071007635886,1.1612019185619558,0.0,0.65,0.26471185335485303,1.0,,0,0,0,0.038209,128,False,,True,unavailable,,,(),(),,,,
embedding-drift,26,role-1,hnsw-high,aligned-v1,748,0.31166666666666665,12.62874935559984,0.05891669478685365,1.295071007635886,1.1612019185619558,0.0,0.65,0.26471185335485303,1.0,,0,0,0,0.087333,512,True,,True,unavailable,,,(),(),,,,
embedding-drift,26,role-1,exact-authorized,aligned-v1,748,0.31166666666666665,12.62874935559984,0.05891669478685365,1.295071007635886,1.1612019185619558,0.0,0.65,0.26471185335485303,1.0,,0,0,0,0.04,748,False,,True,unavailable,,,(),(),,,,
embedding-drift,26,role-1,unsafe-unfiltered,aligned-v1,748,0.31166666666666665,12.62874935559984,0.05891669478685365,1.295071007635886,1.1612019185619558,0.0,0.65,0.26471185335485303,1.0,,0,0,0,0.037625,10,False,,True,unavailable,,,(),(),,,,
embedding-drift,27,role-1,hnsw-low,aligned-v1,748,0.31166666666666665,14.167598856266292,0.1603697918241397,1.3017984235403313,1.133408315815658,0.0,0.65,0.30026069087734186,1.0,,0,0,0,0.038459,128,False,,True,unavailable,,,(),(),,,,
embedding-drift,27,role-1,hnsw-high,aligned-v1,748,0.31166666666666665,14.167598856266292,0.1603697918241397,1.3017984235403313,1.133408315815658,0.0,0.65,0.30026069087734186,1.0,,0,0,0,0.086958,512,True,,True,unavailable,,,(),(),,,,
embedding-drift,27,role-1,exact-authorized,aligned-v1,748,0.31166666666666665,14.167598856266292,0.1603697918241397,1.3017984235403313,1.133408315815658,0.0,0.65,0.30026069087734186,1.0,,0,0,0,0.039958,748,False,,True,unavailable,,,(),(),,,,
embedding-drift,27,role-1,unsafe-unfiltered,aligned-v1,748,0.31166666666666665,14.167598856266292,0.1603697918241397,1.3017984235403313,1.133408315815658,0.0,0.65,0.30026069087734186,1.0,,0,0,0,0.037833,10,False,,True,unavailable,,,(),(),,,,
embedding-drift,28,role-1,hnsw-low,aligned-v1,748,0.31166666666666665,10.781101764034121,0.039554521539725926,1.394745913161687,1.1537917126176511,0.0,0.65,0.24381625850783822,1.0,,0,0,0,0.037458,128,False,,True,unavailable,,,(),(),,,,
embedding-drift,28,role-1,hnsw-high,aligned-v1,748,0.31166666666666665,10.781101764034121,0.039554521539725926,1.394745913161687,1.1537917126176511,0.0,0.65,0.24381625850783822,1.0,,0,0,0,0.088666,512,True,,True,unavailable,,,(),(),,,,
embedding-drift,28,role-1,exact-authorized,aligned-v1,748,0.31166666666666665,10.781101764034121,0.039554521539725926,1.394745913161687,1.1537917126176511,0.0,0.65,0.24381625850783822,1.0,,0,0,0,0.034875,748,False,,True,unavailable,,,(),(),,,,
embedding-drift,28,role-1,unsafe-unfiltered,aligned-v1,748,0.31166666666666665,10.781101764034121,0.039554521539725926,1.394745913161687,1.1537917126176511,0.0,0.65,0.24381625850783822,1.0,,0,0,0,0.037083,10,False,,True,unavailable,,,(),(),,,,
embedding-drift,29,role-1,hnsw-low,aligned-v1,748,0.31166666666666665,13.312481787434779,0.17694963659647264,1.2843781904955889,1.150491711930764,0.0,0.65,0.30337427325701294,0.9,,0,0,0,0.03675,128,False,,True,unavailable,,,(),(),,,,
embedding-drift,29,role-1,hnsw-high,aligned-v1,748,0.31166666666666665,13.312481787434779,0.17694963659647264,1.2843781904955889,1.150491711930764,0.0,0.65,0.30337427325701294,1.0,,0,0,0,0.087042,512,True,,True,unavailable,,,(),(),,,,
embedding-drift,29,role-1,exact-authorized,aligned-v1,748,0.31166666666666665,13.312481787434779,0.17694963659647264,1.2843781904955889,1.150491711930764,0.0,0.65,0.30337427325701294,1.0,,0,0,0,0.036833,748,False,,True,unavailable,,,(),(),,,,
embedding-drift,29,role-1,unsafe-unfiltered,aligned-v1,748,0.31166666666666665,13.312481787434779,0.17694963659647264,1.2843781904955889,1.150491711930764,0.0,0.65,0.30337427325701294,0.9,,0,0,0,0.031458,10,False,,True,unavailable,,,(),(),,,,
embedding-drift,30,role-1,hnsw-low,aligned-v1,748,0.31166666666666665,13.159450983153999,0.10112045370798362,1.3266707360080088,1.1589548585415494,0.0,0.65,0.27787395854116614,1.0,,0,0,0,0.0375,128,False,,True,unavailable,,,(),(),,,,
embedding-drift,30,role-1,hnsw-high,aligned-v1,748,0.31166666666666665,13.159450983153999,0.10112045370798362,1.3266707360080088,1.1589548585415494,0.0,0.65,0.27787395854116614,1.0,,0,0,0,0.087375,512,True,,True,unavailable,,,(),(),,,,
embedding-drift,30,role-1,exact-authorized,aligned-v1,748,0.31166666666666665,13.159450983153999,0.10112045370798362,1.3266707360080088,1.1589548585415494,0.0,0.65,0.27787395854116614,1.0,,0,0,0,0.04025,748,False,,True,unavailable,,,(),(),,,,
embedding-drift,30,role-1,unsafe-unfiltered,aligned-v1,748,0.31166666666666665,13.159450983153999,0.10112045370798362,1.3266707360080088,1.1589548585415494,0.0,0.65,0.27787395854116614,1.0,,0,0,0,0.038209,10,False,,True,unavailable,,,(),(),,,,
embedding-drift,31,role-1,hnsw-low,aligned-v1,748,0.31166666666666665,13.527397931565735,0.06231464275319105,1.437809435016696,1.1479982489764258,0.0,0.65,0.26151278721643434,1.0,,0,0,0,0.037666,128,False,,True,unavailable,,,(),(),,,,
embedding-drift,31,role-1,hnsw-high,aligned-v1,748,0.31166666666666665,13.527397931565735,0.06231464275319105,1.437809435016696,1.1479982489764258,0.0,0.65,0.26151278721643434,1.0,,0,0,0,0.088666,512,True,,True,unavailable,,,(),(),,,,
embedding-drift,31,role-1,exact-authorized,aligned-v1,748,0.31166666666666665,13.527397931565735,0.06231464275319105,1.437809435016696,1.1479982489764258,0.0,0.65,0.26151278721643434,1.0,,0,0,0,0.041375,748,False,,True,unavailable,,,(),(),,,,
embedding-drift,31,role-1,unsafe-unfiltered,aligned-v1,748,0.31166666666666665,13.527397931565735,0.06231464275319105,1.437809435016696,1.1479982489764258,0.0,0.65,0.26151278721643434,1.0,,0,0,0,0.034042,10,False,,True,unavailable,,,(),(),,,,
embedding-drift,32,role-1,hnsw-low,aligned-v1,748,0.31166666666666665,13.607608155645636,0.06946650403172698,1.6097681610269368,1.1400210107909983,0.0,0.65,0.2561859123188546,1.0,,0,0,0,0.035,128,False,,True,unavailable,,,(),(),,,,
embedding-drift,32,role-1,hnsw-high,aligned-v1,748,0.31166666666666665,13.607608155645636,0.06946650403172698,1.6097681610269368,1.1400210107909983,0.0,0.65,0.2561859123188546,1.0,,0,0,0,0.081292,512,True,,True,unavailable,,,(),(),,,,
embedding-drift,32,role-1,exact-authorized,aligned-v1,748,0.31166666666666665,13.607608155645636,0.06946650403172698,1.6097681610269368,1.1400210107909983,0.0,0.65,0.2561859123188546,1.0,,0,0,0,0.037292,748,False,,True,unavailable,,,(),(),,,,
embedding-drift,32,role-1,unsafe-unfiltered,aligned-v1,748,0.31166666666666665,13.607608155645636,0.06946650403172698,1.6097681610269368,1.1400210107909983,0.0,0.65,0.2561859123188546,1.0,,0,0,0,0.029708,10,False,,True,unavailable,,,(),(),,,,
embedding-drift,33,role-1,hnsw-low,aligned-v1,748,0.31166666666666665,13.584536059666236,0.08424165539040364,1.3524436756562752,1.149350797822639,0.0,0.65,0.27280222624844086,1.0,,0,0,0,0.035625,128,False,,True,unavailable,,,(),(),,,,
embedding-drift,33,role-1,hnsw-high,aligned-v1,748,0.31166666666666665,13.584536059666236,0.08424165539040364,1.3524436756562752,1.149350797822639,0.0,0.65,0.27280222624844086,1.0,,0,0,0,0.082458,512,True,,True,unavailable,,,(),(),,,,
embedding-drift,33,role-1,exact-authorized,aligned-v1,748,0.31166666666666665,13.584536059666236,0.08424165539040364,1.3524436756562752,1.149350797822639,0.0,0.65,0.27280222624844086,1.0,,0,0,0,0.033792,748,False,,True,unavailable,,,(),(),,,,
embedding-drift,33,role-1,unsafe-unfiltered,aligned-v1,748,0.31166666666666665,13.584536059666236,0.08424165539040364,1.3524436756562752,1.149350797822639,0.0,0.65,0.27280222624844086,1.0,,0,0,0,0.036791,10,False,,True,unavailable,,,(),(),,,,
embedding-drift,34,role-1,hnsw-low,aligned-v1,748,0.31166666666666665,16.499189576704303,0.11411154287088042,1.2652519482655986,1.1331667131581937,0.0,0.65,0.29793809750503436,0.9,,0,0,0,0.033708,128,False,,True,unavailable,,,(),(),,,,
embedding-drift,34,role-1,hnsw-high,aligned-v1,748,0.31166666666666665,16.499189576704303,0.11411154287088042,1.2652519482655986,1.1331667131581937,0.0,0.65,0.29793809750503436,1.0,,0,0,0,0.082166,512,True,,True,unavailable,,,(),(),,,,
embedding-drift,34,role-1,exact-authorized,aligned-v1,748,0.31166666666666665,16.499189576704303,0.11411154287088042,1.2652519482655986,1.1331667131581937,0.0,0.65,0.29793809750503436,1.0,,0,0,0,0.032167,748,False,,True,unavailable,,,(),(),,,,
embedding-drift,34,role-1,unsafe-unfiltered,aligned-v1,748,0.31166666666666665,16.499189576704303,0.11411154287088042,1.2652519482655986,1.1331667131581937,0.0,0.65,0.29793809750503436,0.9,,0,0,0,0.033958,10,False,,True,unavailable,,,(),(),,,,
embedding-drift,35,role-1,hnsw-low,aligned-v1,748,0.31166666666666665,14.738444116346722,0.1493646827329868,1.286726041507288,1.1467570878730124,0.0,0.65,0.30093112416041823,1.0,,0,0,0,0.03375,128,False,,True,unavailable,,,(),(),,,,
embedding-drift,35,role-1,hnsw-high,aligned-v1,748,0.31166666666666665,14.738444116346722,0.1493646827329868,1.286726041507288,1.1467570878730124,0.0,0.65,0.30093112416041823,1.0,,0,0,0,0.0805,512,True,,True,unavailable,,,(),(),,,,
embedding-drift,35,role-1,exact-authorized,aligned-v1,748,0.31166666666666665,14.738444116346722,0.1493646827329868,1.286726041507288,1.1467570878730124,0.0,0.65,0.30093112416041823,1.0,,0,0,0,0.035958,748,False,,True,unavailable,,,(),(),,,,
embedding-drift,35,role-1,unsafe-unfiltered,aligned-v1,748,0.31166666666666665,14.738444116346722,0.1493646827329868,1.286726041507288,1.1467570878730124,0.0,0.65,0.30093112416041823,1.0,,0,0,0,0.034708,10,False,,True,unavailable,,,(),(),,,,
embedding-drift,36,role-1,hnsw-low,aligned-v1,748,0.31166666666666665,12.666117805356473,0.07341975364614955,1.3995473345663445,1.1476592689548561,0.0,0.65,0.26279676736633095,1.0,,0,0,0,0.034959,128,False,,True,unavailable,,,(),(),,,,
embedding-drift,36,role-1,hnsw-high,aligned-v1,748,0.31166666666666665,12.666117805356473,0.07341975364614955,1.3995473345663445,1.1476592689548561,0.0,0.65,0.26279676736633095,1.0,,0,0,0,0.081333,512,True,,True,unavailable,,,(),(),,,,
embedding-drift,36,role-1,exact-authorized,aligned-v1,748,0.31166666666666665,12.666117805356473,0.07341975364614955,1.3995473345663445,1.1476592689548561,0.0,0.65,0.26279676736633095,1.0,,0,0,0,0.035667,748,False,,True,unavailable,,,(),(),,,,
embedding-drift,36,role-1,unsafe-unfiltered,aligned-v1,748,0.31166666666666665,12.666117805356473,0.07341975364614955,1.3995473345663445,1.1476592689548561,0.0,0.65,0.26279676736633095,1.0,,0,0,0,0.0355,10,False,,True,unavailable,,,(),(),,,,
embedding-drift,37,role-1,hnsw-low,aligned-v1,748,0.31166666666666665,11.961895484090194,0.10877064796178687,1.6378267599437855,1.167554897447359,0.0,0.65,0.260629178819975,0.9,,0,0,0,0.034542,128,False,,True,unavailable,,,(),(),,,,
embedding-drift,37,role-1,hnsw-high,aligned-v1,748,0.31166666666666665,11.961895484090194,0.10877064796178687,1.6378267599437855,1.167554897447359,0.0,0.65,0.260629178819975,1.0,,0,0,0,0.083667,512,True,,True,unavailable,,,(),(),,,,
embedding-drift,37,role-1,exact-authorized,aligned-v1,748,0.31166666666666665,11.961895484090194,0.10877064796178687,1.6378267599437855,1.167554897447359,0.0,0.65,0.260629178819975,1.0,,0,0,0,0.033667,748,False,,True,unavailable,,,(),(),,,,
embedding-drift,37,role-1,unsafe-unfiltered,aligned-v1,748,0.31166666666666665,11.961895484090194,0.10877064796178687,1.6378267599437855,1.167554897447359,0.0,0.65,0.260629178819975,0.9,,0,0,0,0.034416,10,False,,True,unavailable,,,(),(),,,,
embedding-drift,38,role-1,hnsw-low,aligned-v1,748,0.31166666666666665,14.509389675993873,0.04205165019445814,1.4291789462378153,1.128304171271738,0.0,0.65,0.25911284507955856,1.0,,0,0,0,0.034959,128,False,,True,unavailable,,,(),(),,,,
embedding-drift,38,role-1,hnsw-high,aligned-v1,748,0.31166666666666665,14.509389675993873,0.04205165019445814,1.4291789462378153,1.128304171271738,0.0,0.65,0.25911284507955856,1.0,,0,0,0,0.082292,512,True,,True,unavailable,,,(),(),,,,
embedding-drift,38,role-1,exact-authorized,aligned-v1,748,0.31166666666666665,14.509389675993873,0.04205165019445814,1.4291789462378153,1.128304171271738,0.0,0.65,0.25911284507955856,1.0,,0,0,0,0.0385,748,False,,True,unavailable,,,(),(),,,,
embedding-drift,38,role-1,unsafe-unfiltered,aligned-v1,748,0.31166666666666665,14.509389675993873,0.04205165019445814,1.4291789462378153,1.128304171271738,0.0,0.65,0.25911284507955856,1.0,,0,0,0,0.035541,10,False,,True,unavailable,,,(),(),,,,
embedding-drift,39,role-1,hnsw-low,aligned-v1,748,0.31166666666666665,11.797100565812768,0.160110777673313,1.3392313137668965,1.1895558201561558,0.0,0.65,0.28993368224536664,1.0,,0,0,0,0.03525,128,False,,True,unavailable,,,(),(),,,,
embedding-drift,39,role-1,hnsw-high,aligned-v1,748,0.31166666666666665,11.797100565812768,0.160110777673313,1.3392313137668965,1.1895558201561558,0.0,0.65,0.28993368224536664,1.0,,0,0,0,0.080375,512,True,,True,unavailable,,,(),(),,,,
embedding-drift,39,role-1,exact-authorized,aligned-v1,748,0.31166666666666665,11.797100565812768,0.160110777673313,1.3392313137668965,1.1895558201561558,0.0,0.65,0.28993368224536664,1.0,,0,0,0,0.034667,748,False,,True,unavailable,,,(),(),,,,
embedding-drift,39,role-1,unsafe-unfiltered,aligned-v1,748,0.31166666666666665,11.797100565812768,0.160110777673313,1.3392313137668965,1.1895558201561558,0.0,0.65,0.28993368224536664,1.0,,0,0,0,0.034959,10,False,,True,unavailable,,,(),(),,,,
embedding-drift,40,role-2,hnsw-low,aligned-v1,757,0.3154166666666667,14.784610923989094,0.04688664526511277,2.0085965327745696,1.1233708365017117,0.0,0.65,0.24127881624439465,1.0,,0,0,0,0.041458,128,False,,True,unavailable,,,(),(),,,,
embedding-drift,40,role-2,hnsw-high,aligned-v1,757,0.3154166666666667,14.784610923989094,0.04688664526511277,2.0085965327745696,1.1233708365017117,0.0,0.65,0.24127881624439465,1.0,,0,0,0,0.081791,512,True,,True,unavailable,,,(),(),,,,
embedding-drift,40,role-2,exact-authorized,aligned-v1,757,0.3154166666666667,14.784610923989094,0.04688664526511277,2.0085965327745696,1.1233708365017117,0.0,0.65,0.24127881624439465,1.0,,0,0,0,0.038959,757,False,,True,unavailable,,,(),(),,,,
embedding-drift,40,role-2,unsafe-unfiltered,aligned-v1,757,0.3154166666666667,14.784610923989094,0.04688664526511277,2.0085965327745696,1.1233708365017117,0.0,0.65,0.24127881624439465,0.9,,0,0,0,0.037708,10,False,,True,unavailable,,,(),(),,,,
embedding-drift,41,role-2,hnsw-low,aligned-v1,757,0.3154166666666667,11.144455596326711,0.03896151817269914,1.4490710084791008,1.1548829600574235,0.0,0.65,0.24290011546564527,0.7,,0,0,0,0.033792,128,False,,False,unavailable,,,(),(),,,,
embedding-drift,41,role-2,hnsw-high,aligned-v1,757,0.3154166666666667,11.144455596326711,0.03896151817269914,1.4490710084791008,1.1548829600574235,0.0,0.65,0.24290011546564527,0.9,,0,0,0,0.081917,512,True,,True,unavailable,,,(),(),,,,
embedding-drift,41,role-2,exact-authorized,aligned-v1,757,0.3154166666666667,11.144455596326711,0.03896151817269914,1.4490710084791008,1.1548829600574235,0.0,0.65,0.24290011546564527,1.0,,0,0,0,0.032042,757,False,,True,unavailable,,,(),(),,,,
embedding-drift,41,role-2,unsafe-unfiltered,aligned-v1,757,0.3154166666666667,11.144455596326711,0.03896151817269914,1.4490710084791008,1.1548829600574235,0.0,0.65,0.24290011546564527,0.7,,0,0,0,0.034416,10,False,,False,unavailable,,,(),(),,,,
embedding-drift,42,role-2,hnsw-low,aligned-v1,757,0.3154166666666667,11.433152926137959,0.05171374868793844,1.6432571698334586,1.1654794663920707,0.0,0.65,0.24057512432985828,1.0,,0,0,0,0.035208,128,False,,True,unavailable,,,(),(),,,,
embedding-drift,42,role-2,hnsw-high,aligned-v1,757,0.3154166666666667,11.433152926137959,0.05171374868793844,1.6432571698334586,1.1654794663920707,0.0,0.65,0.24057512432985828,1.0,,0,0,0,0.081333,512,True,,True,unavailable,,,(),(),,,,
embedding-drift,42,role-2,exact-authorized,aligned-v1,757,0.3154166666666667,11.433152926137959,0.05171374868793844,1.6432571698334586,1.1654794663920707,0.0,0.65,0.24057512432985828,1.0,,0,0,0,0.035,757,False,,True,unavailable,,,(),(),,,,
embedding-drift,42,role-2,unsafe-unfiltered,aligned-v1,757,0.3154166666666667,11.433152926137959,0.05171374868793844,1.6432571698334586,1.1654794663920707,0.0,0.65,0.24057512432985828,1.0,,0,0,0,0.034542,10,False,,True,unavailable,,,(),(),,,,
embedding-drift,43,role-2,hnsw-low,aligned-v1,757,0.3154166666666667,10.925090173058491,0.16781655816224667,1.479056673851328,1.1904403766944365,0.0,0.65,0.2807966316755735,1.0,,0,0,0,0.032917,128,False,,True,unavailable,,,(),(),,,,
embedding-drift,43,role-2,hnsw-high,aligned-v1,757,0.3154166666666667,10.925090173058491,0.16781655816224667,1.479056673851328,1.1904403766944365,0.0,0.65,0.2807966316755735,1.0,,0,0,0,0.082,512,True,,True,unavailable,,,(),(),,,,
embedding-drift,43,role-2,exact-authorized,aligned-v1,757,0.3154166666666667,10.925090173058491,0.16781655816224667,1.479056673851328,1.1904403766944365,0.0,0.65,0.2807966316755735,1.0,,0,0,0,0.036292,757,False,,True,unavailable,,,(),(),,,,
embedding-drift,43,role-2,unsafe-unfiltered,aligned-v1,757,0.3154166666666667,10.925090173058491,0.16781655816224667,1.479056673851328,1.1904403766944365,0.0,0.65,0.2807966316755735,1.0,,0,0,0,0.03325,10,False,,True,unavailable,,,(),(),,,,
embedding-drift,44,role-2,hnsw-low,aligned-v1,757,0.3154166666666667,12.427913828534574,0.10759348564115111,1.8785713122711343,1.1376855164231794,0.0,0.65,0.253206115254798,1.0,,0,0,0,0.034167,128,False,,True,unavailable,,,(),(),,,,
embedding-drift,44,role-2,hnsw-high,aligned-v1,757,0.3154166666666667,12.427913828534574,0.10759348564115111,1.8785713122711343,1.1376855164231794,0.0,0.65,0.253206115254798,1.0,,0,0,0,0.080583,512,True,,True,unavailable,,,(),(),,,,
embedding-drift,44,role-2,exact-authorized,aligned-v1,757,0.3154166666666667,12.427913828534574,0.10759348564115111,1.8785713122711343,1.1376855164231794,0.0,0.65,0.253206115254798,1.0,,0,0,0,0.038583,757,False,,True,unavailable,,,(),(),,,,
embedding-drift,44,role-2,unsafe-unfiltered,aligned-v1,757,0.3154166666666667,12.427913828534574,0.10759348564115111,1.8785713122711343,1.1376855164231794,0.0,0.65,0.253206115254798,1.0,,0,0,0,0.034292,10,False,,True,unavailable,,,(),(),,,,
embedding-drift,45,role-2,hnsw-low,aligned-v1,757,0.3154166666666667,13.200187651259714,0.17696364408428555,1.5938030740929758,1.1560979266853568,0.0,0.65,0.2880354397527634,0.9,,0,0,0,0.035542,128,False,,True,unavailable,,,(),(),,,,
embedding-drift,45,role-2,hnsw-high,aligned-v1,757,0.3154166666666667,13.200187651259714,0.17696364408428555,1.5938030740929758,1.1560979266853568,0.0,0.65,0.2880354397527634,1.0,,0,0,0,0.083666,512,True,,True,unavailable,,,(),(),,,,
embedding-drift,45,role-2,exact-authorized,aligned-v1,757,0.3154166666666667,13.200187651259714,0.17696364408428555,1.5938030740929758,1.1560979266853568,0.0,0.65,0.2880354397527634,1.0,,0,0,0,0.037167,757,False,,True,unavailable,,,(),(),,,,
embedding-drift,45,role-2,unsafe-unfiltered,aligned-v1,757,0.3154166666666667,13.200187651259714,0.17696364408428555,1.5938030740929758,1.1560979266853568,0.0,0.65,0.2880354397527634,0.9,,0,0,0,0.034208,10,False,,True,unavailable,,,(),(),,,,
embedding-drift,46,role-2,hnsw-low,aligned-v1,757,0.3154166666666667,11.933454580779166,0.1439091238331486,1.502104883635498,1.1464960883586877,0.0,0.65,0.275495183025172,0.9,,0,0,0,0.034375,128,False,,True,unavailable,,,(),(),,,,
embedding-drift,46,role-2,hnsw-high,aligned-v1,757,0.3154166666666667,11.933454580779166,0.1439091238331486,1.502104883635498,1.1464960883586877,0.0,0.65,0.275495183025172,1.0,,0,0,0,0.081625,512,True,,True,unavailable,,,(),(),,,,
embedding-drift,46,role-2,exact-authorized,aligned-v1,757,0.3154166666666667,11.933454580779166,0.1439091238331486,1.502104883635498,1.1464960883586877,0.0,0.65,0.275495183025172,1.0,,0,0,0,0.033875,757,False,,True,unavailable,,,(),(),,,,
embedding-drift,46,role-2,unsafe-unfiltered,aligned-v1,757,0.3154166666666667,11.933454580779166,0.1439091238331486,1.502104883635498,1.1464960883586877,0.0,0.65,0.275495183025172,0.9,,0,0,0,0.034125,10,False,,True,unavailable,,,(),(),,,,
embedding-drift,47,role-2,hnsw-low,aligned-v1,757,0.3154166666666667,14.93442914815498,0.07820411791914794,1.3224456691927529,1.1287092241901704,0.0,0.65,0.2773888884921624,0.8,,0,0,0,0.034791,128,False,,False,unavailable,,,(),(),,,,
embedding-drift,47,role-2,hnsw-high,aligned-v1,757,0.3154166666666667,14.93442914815498,0.07820411791914794,1.3224456691927529,1.1287092241901704,0.0,0.65,0.2773888884921624,1.0,,0,0,0,0.082292,512,True,,True,unavailable,,,(),(),,,,
embedding-drift,47,role-2,exact-authorized,aligned-v1,757,0.3154166666666667,14.93442914815498,0.07820411791914794,1.3224456691927529,1.1287092241901704,0.0,0.65,0.2773888884921624,1.0,,0,0,0,0.035958,757,False,,True,unavailable,,,(),(),,,,
embedding-drift,47,role-2,unsafe-unfiltered,aligned-v1,757,0.3154166666666667,14.93442914815498,0.07820411791914794,1.3224456691927529,1.1287092241901704,0.0,0.65,0.2773888884921624,0.8,,0,0,0,0.035334,10,False,,False,unavailable,,,(),(),,,,
embedding-drift,48,role-2,hnsw-low,aligned-v1,757,0.3154166666666667,11.332186715396135,0.03484707941626203,2.012370470326953,1.1368850591303925,0.0,0.65,0.22241070832405982,1.0,,0,0,0,0.035041,128,True,,True,unavailable,,,(),(),,,,
embedding-drift,48,role-2,hnsw-high,aligned-v1,757,0.3154166666666667,11.332186715396135,0.03484707941626203,2.012370470326953,1.1368850591303925,0.0,0.65,0.22241070832405982,1.0,,0,0,0,0.080833,512,False,,True,unavailable,,,(),(),,,,
embedding-drift,48,role-2,exact-authorized,aligned-v1,757,0.3154166666666667,11.332186715396135,0.03484707941626203,2.012370470326953,1.1368850591303925,0.0,0.65,0.22241070832405982,1.0,,0,0,0,0.037834,757,False,,True,unavailable,,,(),(),,,,
embedding-drift,48,role-2,unsafe-unfiltered,aligned-v1,757,0.3154166666666667,11.332186715396135,0.03484707941626203,2.012370470326953,1.1368850591303925,0.0,0.65,0.22241070832405982,1.0,,0,0,0,0.034209,10,False,,True,unavailable,,,(),(),,,,
embedding-drift,49,role-2,hnsw-low,aligned-v1,757,0.3154166666666667,10.711180517504332,0.07559121440875442,2.2266662028775532,1.1660729676291157,0.0,0.65,0.22808404431383258,0.9,,0,0,0,0.033125,128,True,,True,unavailable,,,(),(),,,,
embedding-drift,49,role-2,hnsw-high,aligned-v1,757,0.3154166666666667,10.711180517504332,0.07559121440875442,2.2266662028775532,1.1660729676291157,0.0,0.65,0.22808404431383258,1.0,,0,0,0,0.083,512,False,,True,unavailable,,,(),(),,,,
embedding-drift,49,role-2,exact-authorized,aligned-v1,757,0.3154166666666667,10.711180517504332,0.07559121440875442,2.2266662028775532,1.1660729676291157,0.0,0.65,0.22808404431383258,1.0,,0,0,0,0.036375,757,False,,True,unavailable,,,(),(),,,,
embedding-drift,49,role-2,unsafe-unfiltered,aligned-v1,757,0.3154166666666667,10.711180517504332,0.07559121440875442,2.2266662028775532,1.1660729676291157,0.0,0.65,0.22808404431383258,0.9,,0,0,0,0.033459,10,False,,True,unavailable,,,(),(),,,,
embedding-drift,50,role-2,hnsw-low,aligned-v1,757,0.3154166666666667,14.915969414445756,0.04633970140303727,2.052078602089872,1.1219952088908636,0.0,0.65,0.24053179740863415,1.0,,0,0,0,0.036334,128,False,,True,unavailable,,,(),(),,,,
embedding-drift,50,role-2,hnsw-high,aligned-v1,757,0.3154166666666667,14.915969414445756,0.04633970140303727,2.052078602089872,1.1219952088908636,0.0,0.65,0.24053179740863415,1.0,,0,0,0,0.08225,512,True,,True,unavailable,,,(),(),,,,
embedding-drift,50,role-2,exact-authorized,aligned-v1,757,0.3154166666666667,14.915969414445756,0.04633970140303727,2.052078602089872,1.1219952088908636,0.0,0.65,0.24053179740863415,1.0,,0,0,0,0.036709,757,False,,True,unavailable,,,(),(),,,,
embedding-drift,50,role-2,unsafe-unfiltered,aligned-v1,757,0.3154166666666667,14.915969414445756,0.04633970140303727,2.052078602089872,1.1219952088908636,0.0,0.65,0.24053179740863415,1.0,,0,0,0,0.036125,10,False,,True,unavailable,,,(),(),,,,
embedding-drift,51,role-2,hnsw-low,aligned-v1,757,0.3154166666666667,11.20926191165067,0.10391952999971128,1.5533657816778381,1.1548068708230539,0.0,0.65,0.25808368888069655,1.0,,0,0,0,0.03575,128,False,,True,unavailable,,,(),(),,,,
embedding-drift,51,role-2,hnsw-high,aligned-v1,757,0.3154166666666667,11.20926191165067,0.10391952999971128,1.5533657816778381,1.1548068708230539,0.0,0.65,0.25808368888069655,1.0,,0,0,0,0.081375,512,True,,True,unavailable,,,(),(),,,,
embedding-drift,51,role-2,exact-authorized,aligned-v1,757,0.3154166666666667,11.20926191165067,0.10391952999971128,1.5533657816778381,1.1548068708230539,0.0,0.65,0.25808368888069655,1.0,,0,0,0,0.0355,757,False,,True,unavailable,,,(),(),,,,
embedding-drift,51,role-2,unsafe-unfiltered,aligned-v1,757,0.3154166666666667,11.20926191165067,0.10391952999971128,1.5533657816778381,1.1548068708230539,0.0,0.65,0.25808368888069655,1.0,,0,0,0,0.034167,10,False,,True,unavailable,,,(),(),,,,
embedding-drift,52,role-2,hnsw-low,aligned-v1,757,0.3154166666666667,15.410661520190898,0.14590535133382584,1.3345789401569537,1.14736837972909,0.0,0.65,0.2998696122797421,0.8,,0,0,0,0.034042,128,False,,False,unavailable,,,(),(),,,,
embedding-drift,52,role-2,hnsw-high,aligned-v1,757,0.3154166666666667,15.410661520190898,0.14590535133382584,1.3345789401569537,1.14736837972909,0.0,0.65,0.2998696122797421,1.0,,0,0,0,0.080375,512,True,,True,unavailable,,,(),(),,,,
embedding-drift,52,role-2,exact-authorized,aligned-v1,757,0.3154166666666667,15.410661520190898,0.14590535133382584,1.3345789401569537,1.14736837972909,0.0,0.65,0.2998696122797421,1.0,,0,0,0,0.033959,757,False,,True,unavailable,,,(),(),,,,
embedding-drift,52,role-2,unsafe-unfiltered,aligned-v1,757,0.3154166666666667,15.410661520190898,0.14590535133382584,1.3345789401569537,1.14736837972909,0.0,0.65,0.2998696122797421,1.0,,0,0,0,0.03375,10,False,,True,unavailable,,,(),(),,,,
embedding-drift,53,role-2,hnsw-low,aligned-v1,757,0.3154166666666667,9.880484787727106,0.02578986726250168,1.6786666252470277,1.168515759832196,0.0,0.65,0.22340054199312454,1.0,,0,0,0,0.034166,128,True,,True,unavailable,,,(),(),,,,
embedding-drift,53,role-2,hnsw-high,aligned-v1,757,0.3154166666666667,9.880484787727106,0.02578986726250168,1.6786666252470277,1.168515759832196,0.0,0.65,0.22340054199312454,1.0,,0,0,0,0.0815,512,False,,True,unavailable,,,(),(),,,,
embedding-drift,53,role-2,exact-authorized,aligned-v1,757,0.3154166666666667,9.880484787727106,0.02578986726250168,1.6786666252470277,1.168515759832196,0.0,0.65,0.22340054199312454,1.0,,0,0,0,0.033583,757,False,,True,unavailable,,,(),(),,,,
embedding-drift,53,role-2,unsafe-unfiltered,aligned-v1,757,0.3154166666666667,9.880484787727106,0.02578986726250168,1.6786666252470277,1.168515759832196,0.0,0.65,0.22340054199312454,1.0,,0,0,0,0.034458,10,False,,True,unavailable,,,(),(),,,,
embedding-drift,54,role-2,hnsw-low,aligned-v1,757,0.3154166666666667,11.925183847799502,0.045586792728889276,2.119712854292637,1.1543702853530355,0.0,0.65,0.2269545838901383,1.0,,0,0,0,0.033125,128,True,,True,unavailable,,,(),(),,,,
embedding-drift,54,role-2,hnsw-high,aligned-v1,757,0.3154166666666667,11.925183847799502,0.045586792728889276,2.119712854292637,1.1543702853530355,0.0,0.65,0.2269545838901383,1.0,,0,0,0,0.080459,512,False,,True,unavailable,,,(),(),,,,
embedding-drift,54,role-2,exact-authorized,aligned-v1,757,0.3154166666666667,11.925183847799502,0.045586792728889276,2.119712854292637,1.1543702853530355,0.0,0.65,0.2269545838901383,1.0,,0,0,0,0.03475,757,False,,True,unavailable,,,(),(),,,,
embedding-drift,54,role-2,unsafe-unfiltered,aligned-v1,757,0.3154166666666667,11.925183847799502,0.045586792728889276,2.119712854292637,1.1543702853530355,0.0,0.65,0.2269545838901383,0.9,,0,0,0,0.034334,10,False,,True,unavailable,,,(),(),,,,
embedding-drift,55,role-2,hnsw-low,aligned-v1,757,0.3154166666666667,10.616265413180555,0.061356861621053665,2.046430685894709,1.1494289917108798,0.0,0.65,0.2264321926598726,1.0,,0,0,0,0.035042,128,True,,True,unavailable,,,(),(),,,,
embedding-drift,55,role-2,hnsw-high,aligned-v1,757,0.3154166666666667,10.616265413180555,0.061356861621053665,2.046430685894709,1.1494289917108798,0.0,0.65,0.2264321926598726,1.0,,0,0,0,0.080833,512,False,,True,unavailable,,,(),(),,,,
embedding-drift,55,role-2,exact-authorized,aligned-v1,757,0.3154166666666667,10.616265413180555,0.061356861621053665,2.046430685894709,1.1494289917108798,0.0,0.65,0.2264321926598726,1.0,,0,0,0,0.038667,757,False,,True,unavailable,,,(),(),,,,
embedding-drift,55,role-2,unsafe-unfiltered,aligned-v1,757,0.3154166666666667,10.616265413180555,0.061356861621053665,2.046430685894709,1.1494289917108798,0.0,0.65,0.2264321926598726,1.0,,0,0,0,0.034083,10,False,,True,unavailable,,,(),(),,,,
embedding-drift,56,role-2,hnsw-low,aligned-v1,757,0.3154166666666667,11.866628777786868,0.039278862225756966,1.6105595647787494,1.1399811303383238,0.0,0.65,0.23896898436629757,1.0,,0,0,0,0.034042,128,True,,True,unavailable,,,(),(),,,,
embedding-drift,56,role-2,hnsw-high,aligned-v1,757,0.3154166666666667,11.866628777786868,0.039278862225756966,1.6105595647787494,1.1399811303383238,0.0,0.65,0.23896898436629757,1.0,,0,0,0,0.0845,512,False,,True,unavailable,,,(),(),,,,
embedding-drift,56,role-2,exact-authorized,aligned-v1,757,0.3154166666666667,11.866628777786868,0.039278862225756966,1.6105595647787494,1.1399811303383238,0.0,0.65,0.23896898436629757,1.0,,0,0,0,0.035833,757,False,,True,unavailable,,,(),(),,,,
embedding-drift,56,role-2,unsafe-unfiltered,aligned-v1,757,0.3154166666666667,11.866628777786868,0.039278862225756966,1.6105595647787494,1.1399811303383238,0.0,0.65,0.23896898436629757,1.0,,0,0,0,0.033459,10,False,,True,unavailable,,,(),(),,,,
embedding-drift,57,role-2,hnsw-low,aligned-v1,757,0.3154166666666667,13.461553252703759,0.11244421496397156,2.039877669947426,1.112972226596812,0.0,0.65,0.25397920202896707,1.0,,0,0,0,0.034792,128,False,,True,unavailable,,,(),(),,,,
embedding-drift,57,role-2,hnsw-high,aligned-v1,757,0.3154166666666667,13.461553252703759,0.11244421496397156,2.039877669947426,1.112972226596812,0.0,0.65,0.25397920202896707,1.0,,0,0,0,0.082625,512,True,,True,unavailable,,,(),(),,,,
embedding-drift,57,role-2,exact-authorized,aligned-v1,757,0.3154166666666667,13.461553252703759,0.11244421496397156,2.039877669947426,1.112972226596812,0.0,0.65,0.25397920202896707,1.0,,0,0,0,0.037458,757,False,,True,unavailable,,,(),(),,,,
embedding-drift,57,role-2,unsafe-unfiltered,aligned-v1,757,0.3154166666666667,13.461553252703759,0.11244421496397156,2.039877669947426,1.112972226596812,0.0,0.65,0.25397920202896707,1.0,,0,0,0,0.034875,10,False,,True,unavailable,,,(),(),,,,
embedding-drift,58,role-2,hnsw-low,aligned-v1,757,0.3154166666666667,12.610699265084477,0.08116103881757833,1.352696939336227,1.1436903981224487,0.0,0.65,0.267135307971465,0.9,,0,0,0,0.036208,128,False,,True,unavailable,,,(),(),,,,
embedding-drift,58,role-2,hnsw-high,aligned-v1,757,0.3154166666666667,12.610699265084477,0.08116103881757833,1.352696939336227,1.1436903981224487,0.0,0.65,0.267135307971465,0.9,,0,0,0,0.080917,512,True,,True,unavailable,,,(),(),,,,
embedding-drift,58,role-2,exact-authorized,aligned-v1,757,0.3154166666666667,12.610699265084477,0.08116103881757833,1.352696939336227,1.1436903981224487,0.0,0.65,0.267135307971465,1.0,,0,0,0,0.037042,757,False,,True,unavailable,,,(),(),,,,
embedding-drift,58,role-2,unsafe-unfiltered,aligned-v1,757,0.3154166666666667,12.610699265084477,0.08116103881757833,1.352696939336227,1.1436903981224487,0.0,0.65,0.267135307971465,0.9,,0,0,0,0.034625,10,False,,True,unavailable,,,(),(),,,,
embedding-drift,59,role-2,hnsw-low,aligned-v1,757,0.3154166666666667,11.227791774247002,0.036742349569968746,2.139595170215761,1.159291052082512,0.0,0.65,0.22061128398052898,1.0,,0,0,0,0.035875,128,True,,True,unavailable,,,(),(),,,,
embedding-drift,59,role-2,hnsw-high,aligned-v1,757,0.3154166666666667,11.227791774247002,0.036742349569968746,2.139595170215761,1.159291052082512,0.0,0.65,0.22061128398052898,1.0,,0,0,0,0.082833,512,False,,True,unavailable,,,(),(),,,,
embedding-drift,59,role-2,exact-authorized,aligned-v1,757,0.3154166666666667,11.227791774247002,0.036742349569968746,2.139595170215761,1.159291052082512,0.0,0.65,0.22061128398052898,1.0,,0,0,0,0.037584,757,False,,True,unavailable,,,(),(),,,,
embedding-drift,59,role-2,unsafe-unfiltered,aligned-v1,757,0.3154166666666667,11.227791774247002,0.036742349569968746,2.139595170215761,1.159291052082512,0.0,0.65,0.22061128398052898,1.0,,0,0,0,0.035459,10,False,,True,unavailable,,,(),(),,,,
embedding-drift,60,role-3,hnsw-low,aligned-v1,758,0.31583333333333335,13.983482336771301,0.18652506556996434,1.4219046798164061,1.1546075629860117,0.0,0.65,0.3018857987045588,0.9,,0,0,0,0.042333,128,False,,True,unavailable,,,(),(),,,,
embedding-drift,60,role-3,hnsw-high,aligned-v1,758,0.31583333333333335,13.983482336771301,0.18652506556996434,1.4219046798164061,1.1546075629860117,0.0,0.65,0.3018857987045588,1.0,,0,0,0,0.082708,512,True,,True,unavailable,,,(),(),,,,
embedding-drift,60,role-3,exact-authorized,aligned-v1,758,0.31583333333333335,13.983482336771301,0.18652506556996434,1.4219046798164061,1.1546075629860117,0.0,0.65,0.3018857987045588,1.0,,0,0,0,0.037291,758,False,,True,unavailable,,,(),(),,,,
embedding-drift,60,role-3,unsafe-unfiltered,aligned-v1,758,0.31583333333333335,13.983482336771301,0.18652506556996434,1.4219046798164061,1.1546075629860117,0.0,0.65,0.3018857987045588,0.9,,0,0,0,0.036958,10,False,,True,unavailable,,,(),(),,,,
embedding-drift,61,role-3,hnsw-low,aligned-v1,758,0.31583333333333335,10.926948496249151,0.0869883237724643,1.963621816727794,1.1902729614589664,0.0,0.65,0.239865147379136,1.0,,0,0,0,0.038333,128,True,,True,unavailable,,,(),(),,,,
embedding-drift,61,role-3,hnsw-high,aligned-v1,758,0.31583333333333335,10.926948496249151,0.0869883237724643,1.963621816727794,1.1902729614589664,0.0,0.65,0.239865147379136,1.0,,0,0,0,0.088459,512,False,,True,unavailable,,,(),(),,,,
embedding-drift,61,role-3,exact-authorized,aligned-v1,758,0.31583333333333335,10.926948496249151,0.0869883237724643,1.963621816727794,1.1902729614589664,0.0,0.65,0.239865147379136,1.0,,0,0,0,0.03875,758,False,,True,unavailable,,,(),(),,,,
embedding-drift,61,role-3,unsafe-unfiltered,aligned-v1,758,0.31583333333333335,10.926948496249151,0.0869883237724643,1.963621816727794,1.1902729614589664,0.0,0.65,0.239865147379136,1.0,,0,0,0,0.037375,10,False,,True,unavailable,,,(),(),,,,
embedding-drift,62,role-3,hnsw-low,aligned-v1,758,0.31583333333333335,14.890490283471836,0.10166072537139943,1.5916532960927818,1.1144249432170967,0.0,0.65,0.2707416934694248,1.0,,0,0,0,0.0395,128,False,,True,unavailable,,,(),(),,,,
embedding-drift,62,role-3,hnsw-high,aligned-v1,758,0.31583333333333335,14.890490283471836,0.10166072537139943,1.5916532960927818,1.1144249432170967,0.0,0.65,0.2707416934694248,1.0,,0,0,0,0.087666,512,True,,True,unavailable,,,(),(),,,,
embedding-drift,62,role-3,exact-authorized,aligned-v1,758,0.31583333333333335,14.890490283471836,0.10166072537139943,1.5916532960927818,1.1144249432170967,0.0,0.65,0.2707416934694248,1.0,,0,0,0,0.038,758,False,,True,unavailable,,,(),(),,,,
embedding-drift,62,role-3,unsafe-unfiltered,aligned-v1,758,0.31583333333333335,14.890490283471836,0.10166072537139943,1.5916532960927818,1.1144249432170967,0.0,0.65,0.2707416934694248,1.0,,0,0,0,0.036833,10,False,,True,unavailable,,,(),(),,,,
embedding-drift,63,role-3,hnsw-low,aligned-v1,758,0.31583333333333335,9.89603659432133,0.172361991059301,1.6322862134672347,1.1919880319740657,0.0,0.65,0.27032551487573175,0.9,,0,0,0,0.036917,128,False,,True,unavailable,,,(),(),,,,
embedding-drift,63,role-3,hnsw-high,aligned-v1,758,0.31583333333333335,9.89603659432133,0.172361991059301,1.6322862134672347,1.1919880319740657,0.0,0.65,0.27032551487573175,1.0,,0,0,0,0.088417,512,True,,True,unavailable,,,(),(),,,,
embedding-drift,63,role-3,exact-authorized,aligned-v1,758,0.31583333333333335,9.89603659432133,0.172361991059301,1.6322862134672347,1.1919880319740657,0.0,0.65,0.27032551487573175,1.0,,0,0,0,0.035125,758,False,,True,unavailable,,,(),(),,,,
embedding-drift,63,role-3,unsafe-unfiltered,aligned-v1,758,0.31583333333333335,9.89603659432133,0.172361991059301,1.6322862134672347,1.1919880319740657,0.0,0.65,0.27032551487573175,0.9,,0,0,0,0.028334,10,False,,True,unavailable,,,(),(),,,,
embedding-drift,64,role-3,hnsw-low,aligned-v1,758,0.31583333333333335,14.60206034970665,0.06669707809145083,1.4102924339805765,1.115476638091622,0.0,0.65,0.26719016910215965,0.9,,0,0,0,0.038959,128,False,,True,unavailable,,,(),(),,,,
embedding-drift,64,role-3,hnsw-high,aligned-v1,758,0.31583333333333335,14.60206034970665,0.06669707809145083,1.4102924339805765,1.115476638091622,0.0,0.65,0.26719016910215965,0.9,,0,0,0,0.088167,512,True,,True,unavailable,,,(),(),,,,
embedding-drift,64,role-3,exact-authorized,aligned-v1,758,0.31583333333333335,14.60206034970665,0.06669707809145083,1.4102924339805765,1.115476638091622,0.0,0.65,0.26719016910215965,1.0,,0,0,0,0.039833,758,False,,True,unavailable,,,(),(),,,,
embedding-drift,64,role-3,unsafe-unfiltered,aligned-v1,758,0.31583333333333335,14.60206034970665,0.06669707809145083,1.4102924339805765,1.115476638091622,0.0,0.65,0.26719016910215965,0.9,,0,0,0,0.03625,10,False,,True,unavailable,,,(),(),,,,
embedding-drift,65,role-3,hnsw-low,aligned-v1,758,0.31583333333333335,11.159494438927915,0.052112205813579414,1.8154809911126237,1.1701286541934104,0.0,0.65,0.23375718158853623,1.0,,0,0,0,0.036625,128,True,,True,unavailable,,,(),(),,,,
embedding-drift,65,role-3,hnsw-high,aligned-v1,758,0.31583333333333335,11.159494438927915,0.052112205813579414,1.8154809911126237,1.1701286541934104,0.0,0.65,0.23375718158853623,1.0,,0,0,0,0.087083,512,False,,True,unavailable,,,(),(),,,,
embedding-drift,65,role-3,exact-authorized,aligned-v1,758,0.31583333333333335,11.159494438927915,0.052112205813579414,1.8154809911126237,1.1701286541934104,0.0,0.65,0.23375718158853623,1.0,,0,0,0,0.038667,758,False,,True,unavailable,,,(),(),,,,
embedding-drift,65,role-3,unsafe-unfiltered,aligned-v1,758,0.31583333333333335,11.159494438927915,0.052112205813579414,1.8154809911126237,1.1701286541934104,0.0,0.65,0.23375718158853623,1.0,,0,0,0,0.035834,10,False,,True,unavailable,,,(),(),,,,
embedding-drift,66,role-3,hnsw-low,aligned-v1,758,0.31583333333333335,13.710049900394699,0.04024033747758051,1.9275922624469877,1.1212515721597447,0.0,0.65,0.23668915115631603,0.9,,0,0,0,0.038375,128,True,,True,unavailable,,,(),(),,,,
embedding-drift,66,role-3,hnsw-high,aligned-v1,758,0.31583333333333335,13.710049900394699,0.04024033747758051,1.9275922624469877,1.1212515721597447,0.0,0.65,0.23668915115631603,1.0,,0,0,0,0.088666,512,False,,True,unavailable,,,(),(),,,,
embedding-drift,66,role-3,exact-authorized,aligned-v1,758,0.31583333333333335,13.710049900394699,0.04024033747758051,1.9275922624469877,1.1212515721597447,0.0,0.65,0.23668915115631603,1.0,,0,0,0,0.034833,758,False,,True,unavailable,,,(),(),,,,
embedding-drift,66,role-3,unsafe-unfiltered,aligned-v1,758,0.31583333333333335,13.710049900394699,0.04024033747758051,1.9275922624469877,1.1212515721597447,0.0,0.65,0.23668915115631603,0.9,,0,0,0,0.039083,10,False,,True,unavailable,,,(),(),,,,
embedding-drift,67,role-3,hnsw-low,aligned-v1,758,0.31583333333333335,14.800413902564841,0.09424394887654841,1.6497570243261457,1.1382256078244959,0.0,0.65,0.2671229996335223,1.0,,0,0,0,0.03875,128,False,,True,unavailable,,,(),(),,,,
embedding-drift,67,role-3,hnsw-high,aligned-v1,758,0.31583333333333335,14.800413902564841,0.09424394887654841,1.6497570243261457,1.1382256078244959,0.0,0.65,0.2671229996335223,1.0,,0,0,0,0.089167,512,True,,True,unavailable,,,(),(),,,,
embedding-drift,67,role-3,exact-authorized,aligned-v1,758,0.31583333333333335,14.800413902564841,0.09424394887654841,1.6497570243261457,1.1382256078244959,0.0,0.65,0.2671229996335223,1.0,,0,0,0,0.039459,758,False,,True,unavailable,,,(),(),,,,
embedding-drift,67,role-3,unsafe-unfiltered,aligned-v1,758,0.31583333333333335,14.800413902564841,0.09424394887654841,1.6497570243261457,1.1382256078244959,0.0,0.65,0.2671229996335223,1.0,,0,0,0,0.036625,10,False,,True,unavailable,,,(),(),,,,
embedding-drift,68,role-3,hnsw-low,aligned-v1,758,0.31583333333333335,14.992788803028493,0.05866554657475209,1.7228483016551805,1.1306491316053078,0.0,0.65,0.2542889537795171,1.0,,0,0,0,0.038083,128,False,,True,unavailable,,,(),(),,,,
embedding-drift,68,role-3,hnsw-high,aligned-v1,758,0.31583333333333335,14.992788803028493,0.05866554657475209,1.7228483016551805,1.1306491316053078,0.0,0.65,0.2542889537795171,1.0,,0,0,0,0.087708,512,True,,True,unavailable,,,(),(),,,,
embedding-drift,68,role-3,exact-authorized,aligned-v1,758,0.31583333333333335,14.992788803028493,0.05866554657475209,1.7228483016551805,1.1306491316053078,0.0,0.65,0.2542889537795171,1.0,,0,0,0,0.039958,758,False,,True,unavailable,,,(),(),,,,
embedding-drift,68,role-3,unsafe-unfiltered,aligned-v1,758,0.31583333333333335,14.992788803028493,0.05866554657475209,1.7228483016551805,1.1306491316053078,0.0,0.65,0.2542889537795171,1.0,,0,0,0,0.038541,10,False,,True,unavailable,,,(),(),,,,
embedding-drift,69,role-3,hnsw-low,aligned-v1,758,0.31583333333333335,12.3271842654553,0.05604533930476873,1.7130761602762385,1.1313954566704179,0.0,0.65,0.24208930573277737,1.0,,0,0,0,0.039166,128,False,,True,unavailable,,,(),(),,,,
embedding-drift,69,role-3,hnsw-high,aligned-v1,758,0.31583333333333335,12.3271842654553,0.05604533930476873,1.7130761602762385,1.1313954566704179,0.0,0.65,0.24208930573277737,1.0,,0,0,0,0.0885,512,True,,True,unavailable,,,(),(),,,,
embedding-drift,69,role-3,exact-authorized,aligned-v1,758,0.31583333333333335,12.3271842654553,0.05604533930476873,1.7130761602762385,1.1313954566704179,0.0,0.65,0.24208930573277737,1.0,,0,0,0,0.040833,758,False,,True,unavailable,,,(),(),,,,
embedding-drift,69,role-3,unsafe-unfiltered,aligned-v1,758,0.31583333333333335,12.3271842654553,0.05604533930476873,1.7130761602762385,1.1313954566704179,0.0,0.65,0.24208930573277737,1.0,,0,0,0,0.037542,10,False,,True,unavailable,,,(),(),,,,
embedding-drift,70,role-3,hnsw-low,aligned-v1,758,0.31583333333333335,10.88373434696599,0.13720057694387874,1.7877362461826465,1.1289190158082527,0.0,0.65,0.2566452668808642,1.0,,0,0,0,0.037167,128,False,,True,unavailable,,,(),(),,,,
embedding-drift,70,role-3,hnsw-high,aligned-v1,758,0.31583333333333335,10.88373434696599,0.13720057694387874,1.7877362461826465,1.1289190158082527,0.0,0.65,0.2566452668808642,1.0,,0,0,0,0.087,512,True,,True,unavailable,,,(),(),,,,
embedding-drift,70,role-3,exact-authorized,aligned-v1,758,0.31583333333333335,10.88373434696599,0.13720057694387874,1.7877362461826465,1.1289190158082527,0.0,0.65,0.2566452668808642,1.0,,0,0,0,0.039875,758,False,,True,unavailable,,,(),(),,,,
embedding-drift,70,role-3,unsafe-unfiltered,aligned-v1,758,0.31583333333333335,10.88373434696599,0.13720057694387874,1.7877362461826465,1.1289190158082527,0.0,0.65,0.2566452668808642,1.0,,0,0,0,0.036125,10,False,,True,unavailable,,,(),(),,,,
embedding-drift,71,role-3,hnsw-low,aligned-v1,758,0.31583333333333335,13.888608226719489,0.04762927284306755,1.4908402511651537,1.1249809133072497,0.0,0.65,0.25507188983575063,0.9,,0,0,0,0.037541,128,False,,True,unavailable,,,(),(),,,,
embedding-drift,71,role-3,hnsw-high,aligned-v1,758,0.31583333333333335,13.888608226719489,0.04762927284306755,1.4908402511651537,1.1249809133072497,0.0,0.65,0.25507188983575063,1.0,,0,0,0,0.088291,512,True,,True,unavailable,,,(),(),,,,
embedding-drift,71,role-3,exact-authorized,aligned-v1,758,0.31583333333333335,13.888608226719489,0.04762927284306755,1.4908402511651537,1.1249809133072497,0.0,0.65,0.25507188983575063,1.0,,0,0,0,0.042458,758,False,,True,unavailable,,,(),(),,,,
embedding-drift,71,role-3,unsafe-unfiltered,aligned-v1,758,0.31583333333333335,13.888608226719489,0.04762927284306755,1.4908402511651537,1.1249809133072497,0.0,0.65,0.25507188983575063,0.9,,0,0,0,0.036792,10,False,,True,unavailable,,,(),(),,,,
embedding-drift,72,role-3,hnsw-low,aligned-v1,758,0.31583333333333335,13.60605332483652,0.1699567380300189,1.735537307053996,1.1731363177174345,0.0,0.65,0.28348016168916734,1.0,,0,0,0,0.037208,128,False,,True,unavailable,,,(),(),,,,
embedding-drift,72,role-3,hnsw-high,aligned-v1,758,0.31583333333333335,13.60605332483652,0.1699567380300189,1.735537307053996,1.1731363177174345,0.0,0.65,0.28348016168916734,1.0,,0,0,0,0.088958,512,True,,True,unavailable,,,(),(),,,,
embedding-drift,72,role-3,exact-authorized,aligned-v1,758,0.31583333333333335,13.60605332483652,0.1699567380300189,1.735537307053996,1.1731363177174345,0.0,0.65,0.28348016168916734,1.0,,0,0,0,0.041166,758,False,,True,unavailable,,,(),(),,,,
embedding-drift,72,role-3,unsafe-unfiltered,aligned-v1,758,0.31583333333333335,13.60605332483652,0.1699567380300189,1.735537307053996,1.1731363177174345,0.0,0.65,0.28348016168916734,1.0,,0,0,0,0.0375,10,False,,True,unavailable,,,(),(),,,,
embedding-drift,73,role-3,hnsw-low,aligned-v1,758,0.31583333333333335,10.954555052775694,0.026447499929545766,1.9284373820311147,1.1525048133152662,0.0,0.65,0.2208878308948339,1.0,,0,0,0,0.037333,128,True,,True,unavailable,,,(),(),,,,
embedding-drift,73,role-3,hnsw-high,aligned-v1,758,0.31583333333333335,10.954555052775694,0.026447499929545766,1.9284373820311147,1.1525048133152662,0.0,0.65,0.2208878308948339,1.0,,0,0,0,0.087916,512,False,,True,unavailable,,,(),(),,,,
embedding-drift,73,role-3,exact-authorized,aligned-v1,758,0.31583333333333335,10.954555052775694,0.026447499929545766,1.9284373820311147,1.1525048133152662,0.0,0.65,0.2208878308948339,1.0,,0,0,0,0.038166,758,False,,True,unavailable,,,(),(),,,,
embedding-drift,73,role-3,unsafe-unfiltered,aligned-v1,758,0.31583333333333335,10.954555052775694,0.026447499929545766,1.9284373820311147,1.1525048133152662,0.0,0.65,0.2208878308948339,1.0,,0,0,0,0.037666,10,False,,True,unavailable,,,(),(),,,,
embedding-drift,74,role-3,hnsw-low,aligned-v1,758,0.31583333333333335,12.669633189095963,0.05531464211383398,1.6790140974414156,1.1456978763946317,0.0,0.65,0.24539072187427016,0.8,,0,0,0,0.037042,128,False,,False,unavailable,,,(),(),,,,
embedding-drift,74,role-3,hnsw-high,aligned-v1,758,0.31583333333333335,12.669633189095963,0.05531464211383398,1.6790140974414156,1.1456978763946317,0.0,0.65,0.24539072187427016,1.0,,0,0,0,0.087708,512,True,,True,unavailable,,,(),(),,,,
embedding-drift,74,role-3,exact-authorized,aligned-v1,758,0.31583333333333335,12.669633189095963,0.05531464211383398,1.6790140974414156,1.1456978763946317,0.0,0.65,0.24539072187427016,1.0,,0,0,0,0.040416,758,False,,True,unavailable,,,(),(),,,,
embedding-drift,74,role-3,unsafe-unfiltered,aligned-v1,758,0.31583333333333335,12.669633189095963,0.05531464211383398,1.6790140974414156,1.1456978763946317,0.0,0.65,0.24539072187427016,0.8,,0,0,0,0.036417,10,False,,False,unavailable,,,(),(),,,,
embedding-drift,75,role-3,hnsw-low,aligned-v1,758,0.31583333333333335,14.233103287187486,0.10904704073651685,2.0192634034075985,1.153383674446837,0.0,0.65,0.2588488484231076,0.9,,0,0,0,0.038709,128,False,,True,unavailable,,,(),(),,,,
embedding-drift,75,role-3,hnsw-high,aligned-v1,758,0.31583333333333335,14.233103287187486,0.10904704073651685,2.0192634034075985,1.153383674446837,0.0,0.65,0.2588488484231076,1.0,,0,0,0,0.088292,512,True,,True,unavailable,,,(),(),,,,
embedding-drift,75,role-3,exact-authorized,aligned-v1,758,0.31583333333333335,14.233103287187486,0.10904704073651685,2.0192634034075985,1.153383674446837,0.0,0.65,0.2588488484231076,1.0,,0,0,0,0.039541,758,False,,True,unavailable,,,(),(),,,,
embedding-drift,75,role-3,unsafe-unfiltered,aligned-v1,758,0.31583333333333335,14.233103287187486,0.10904704073651685,2.0192634034075985,1.153383674446837,0.0,0.65,0.2588488484231076,0.9,,0,0,0,0.037542,10,False,,True,unavailable,,,(),(),,,,
embedding-drift,76,role-3,hnsw-low,aligned-v1,758,0.31583333333333335,9.502227729477871,0.07446960132599863,1.5503750213675278,1.156145946007115,0.0,0.65,0.2401699738507383,1.0,,0,0,0,0.038041,128,False,,True,unavailable,,,(),(),,,,
embedding-drift,76,role-3,hnsw-high,aligned-v1,758,0.31583333333333335,9.502227729477871,0.07446960132599863,1.5503750213675278,1.156145946007115,0.0,0.65,0.2401699738507383,1.0,,0,0,0,0.087583,512,True,,True,unavailable,,,(),(),,,,
embedding-drift,76,role-3,exact-authorized,aligned-v1,758,0.31583333333333335,9.502227729477871,0.07446960132599863,1.5503750213675278,1.156145946007115,0.0,0.65,0.2401699738507383,1.0,,0,0,0,0.037584,758,False,,True,unavailable,,,(),(),,,,
embedding-drift,76,role-3,unsafe-unfiltered,aligned-v1,758,0.31583333333333335,9.502227729477871,0.07446960132599863,1.5503750213675278,1.156145946007115,0.0,0.65,0.2401699738507383,1.0,,0,0,0,0.026833,10,False,,True,unavailable,,,(),(),,,,
embedding-drift,77,role-3,hnsw-low,aligned-v1,758,0.31583333333333335,12.419158571282797,0.08376024191815827,1.6355203380686636,1.1689502760121533,0.0,0.65,0.255488417841494,1.0,,0,0,0,0.037041,128,False,,True,unavailable,,,(),(),,,,
embedding-drift,77,role-3,hnsw-high,aligned-v1,758,0.31583333333333335,12.419158571282797,0.08376024191815827,1.6355203380686636,1.1689502760121533,0.0,0.65,0.255488417841494,1.0,,0,0,0,0.089417,512,True,,True,unavailable,,,(),(),,,,
embedding-drift,77,role-3,exact-authorized,aligned-v1,758,0.31583333333333335,12.419158571282797,0.08376024191815827,1.6355203380686636,1.1689502760121533,0.0,0.65,0.255488417841494,1.0,,0,0,0,0.041625,758,False,,True,unavailable,,,(),(),,,,
embedding-drift,77,role-3,unsafe-unfiltered,aligned-v1,758,0.31583333333333335,12.419158571282797,0.08376024191815827,1.6355203380686636,1.1689502760121533,0.0,0.65,0.255488417841494,1.0,,0,0,0,0.037125,10,False,,True,unavailable,,,(),(),,,,
embedding-drift,78,role-3,hnsw-low,aligned-v1,758,0.31583333333333335,15.183418368783412,0.09876320355944004,1.7232827642501674,1.111868096509184,0.0,0.65,0.26613874867869913,1.0,,0,0,0,0.037417,128,False,,True,unavailable,,,(),(),,,,
embedding-drift,78,role-3,hnsw-high,aligned-v1,758,0.31583333333333335,15.183418368783412,0.09876320355944004,1.7232827642501674,1.111868096509184,0.0,0.65,0.26613874867869913,1.0,,0,0,0,0.088,512,True,,True,unavailable,,,(),(),,,,
embedding-drift,78,role-3,exact-authorized,aligned-v1,758,0.31583333333333335,15.183418368783412,0.09876320355944004,1.7232827642501674,1.111868096509184,0.0,0.65,0.26613874867869913,1.0,,0,0,0,0.039292,758,False,,True,unavailable,,,(),(),,,,
embedding-drift,78,role-3,unsafe-unfiltered,aligned-v1,758,0.31583333333333335,15.183418368783412,0.09876320355944004,1.7232827642501674,1.111868096509184,0.0,0.65,0.26613874867869913,1.0,,0,0,0,0.03775,10,False,,True,unavailable,,,(),(),,,,
embedding-drift,79,role-3,hnsw-low,aligned-v1,758,0.31583333333333335,13.399114252046717,0.13000997209221296,2.198507627218689,1.1351654503710522,0.0,0.65,0.25654209580200893,1.0,,0,0,0,0.037375,128,False,,True,unavailable,,,(),(),,,,
embedding-drift,79,role-3,hnsw-high,aligned-v1,758,0.31583333333333335,13.399114252046717,0.13000997209221296,2.198507627218689,1.1351654503710522,0.0,0.65,0.25654209580200893,1.0,,0,0,0,0.090083,512,True,,True,unavailable,,,(),(),,,,
embedding-drift,79,role-3,exact-authorized,aligned-v1,758,0.31583333333333335,13.399114252046717,0.13000997209221296,2.198507627218689,1.1351654503710522,0.0,0.65,0.25654209580200893,1.0,,0,0,0,0.038208,758,False,,True,unavailable,,,(),(),,,,
embedding-drift,79,role-3,unsafe-unfiltered,aligned-v1,758,0.31583333333333335,13.399114252046717,0.13000997209221296,2.198507627218689,1.1351654503710522,0.0,0.65,0.25654209580200893,1.0,,0,0,0,0.036958,10,False,,True,unavailable,,,(),(),,,,
